ClipName,Record#,Signaller,SigAge,AgeClass,SigRankElo,Recipient,RecAge,RecAgeClass,Parous,Conception,SexRatio,SequenceID,SequenceSize,SequenceYN,Gesture,p,Context,Duration,Category,TypeN
11.85,998,Duane,25+,A,1120,Lola,20,A,No,Unknown,1.222222222,5,1,N,Object shake,0.473214286,Consortship,2.88,Manual,1
11.85,999,Duane,25+,A,1120,Lola,20,A,No,Unknown,1.222222222,6,1,N,Stomping object/ground,0.005357143,Consortship,2.56,Manual,1
11.88,1001,Duane,25+,A,1120,Lola,20,A,No,Unknown,1.222222222,7,2,Y,Hit object/ground,0.082142857,Consortship,0.36,Manual,1
11.88,1000,Duane,25+,A,1120,Lola,20,A,No,Unknown,1.222222222,7,2,Y,Object shake,0.473214286,Consortship,1.48,Manual,1
11.88,1002,Duane,25+,A,1120,Lola,20,A,No,Unknown,1.222222222,8,2,Y,Object shake,0.473214286,Consortship,0.44,Manual,1
11.88,1003,Duane,25+,A,1120,Lola,20,A,No,Unknown,1.222222222,8,2,Y,Object shake,0.473214286,Consortship,1.84,Manual,1
11.88,1004,Duane,25+,A,1120,Lola,20,A,No,Unknown,1.222222222,9,1,N,Object shake,0.473214286,Consortship,4.08,Manual,1
11.88,1005,Duane,25+,A,1120,Lola,20,A,No,Unknown,1.222222222,10,1,N,Object shake,0.473214286,Consortship,4.16,Manual,1
11.9,1006,Duane,25+,A,1120,Lola,20,A,No,Unknown,1.222222222,11,1,N,Object shake,0.473214286,Consortship,3.68,Manual,1
11.9,1007,Duane,25+,A,1120,Lola,20,A,No,Unknown,1.222222222,12,1,N,Object shake,0.473214286,Consortship,2.28,Manual,1
11.9,1008,Duane,25+,A,1120,Lola,20,A,No,Unknown,1.222222222,13,2,Y,Object shake,0.473214286,Consortship,3.88,Manual,1
11.9,1009,Duane,25+,A,1120,Lola,20,A,No,Unknown,1.222222222,13,2,Y,Object shake,0.473214286,Consortship,8.96,Manual,1
11.9,1010,Duane,25+,A,1120,Lola,20,A,No,Unknown,1.222222222,14,1,N,Object shake,0.473214286,Consortship,4.52,Manual,1
11.9,1011,Duane,25+,A,1120,Lola,20,A,No,Unknown,1.222222222,15,1,N,Object shake,0.473214286,Consortship,5.28,Manual,1
11.9,1012,Duane,25+,A,1120,Lola,20,A,No,Unknown,1.222222222,16,1,N,Object shake,0.473214286,Consortship,1.24,Manual,1
11.91,1014,Duane,25+,A,1120,Lola,20,A,No,Unknown,1.222222222,18,1,N,Object shake,0.473214286,Consortship,3.92,Manual,1
11.91,1015,Duane,25+,A,1120,Lola,20,A,No,Unknown,1.222222222,19,1,N,Object shake,0.473214286,Consortship,1.2,Manual,1
11.91,1016,Duane,25+,A,1120,Lola,20,A,No,Unknown,1.222222222,20,1,N,Object shake,0.473214286,Consortship,12.72,Manual,1
11.91,1017,Duane,25+,A,1120,Lola,20,A,No,Unknown,1.222222222,21,2,Y,Object shake,0.473214286,Consortship,3.8,Manual,1
11.91,1018,Duane,25+,A,1120,Lola,20,A,No,Unknown,1.222222222,21,2,Y,Stomp object/ground,0.042857143,Consortship,0.2,Manual,1
11.93,1021,Duane,25+,A,1120,Lola,20,A,No,Unknown,1.222222222,22,3,Y,Hit object/ground,0.082142857,Consortship,1.52,Manual,1
11.93,1020,Duane,25+,A,1120,Lola,20,A,No,Unknown,1.222222222,22,3,Y,Object shake,0.473214286,Consortship,3.64,Manual,1
11.93,1022,Duane,25+,A,1120,Lola,20,A,No,Unknown,1.222222222,22,3,Y,Object shake,0.473214286,Consortship,0.72,Manual,1
11.97,1025,Duane,25+,A,1120,Lola,20,A,No,Unknown,1.222222222,23,1,N,Object shake,0.473214286,Consortship,5.8,Manual,1
11.98,1027,Duane,25+,A,1120,Lola,20,A,No,Unknown,1.222222222,25,1,N,Object shake,0.473214286,Consortship,1.8,Manual,1
11.98,1028,Duane,25+,A,1120,Lola,20,A,No,Unknown,1.222222222,26,1,N,Object shake,0.473214286,Consortship,5.12,Manual,1
11.98,1029,Duane,25+,A,1120,Lola,20,A,No,Unknown,1.222222222,27,1,N,Object shake,0.473214286,Consortship,3.44,Manual,1
11.106,1032,Duane,25+,A,1120,Lola,20,A,No,Unknown,1.222222222,29,1,N,Object shake,0.473214286,Consortship,1.52,Manual,1
11.106,1033,Duane,25+,A,1120,Lola,20,A,No,Unknown,1.222222222,30,1,N,Object shake,0.473214286,Consortship,5.36,Manual,1
11.106,1034,Duane,25+,A,1120,Lola,20,A,No,Unknown,1.222222222,31,1,N,Object shake,0.473214286,Consortship,2.92,Manual,1
11.108,1039,Duane,25+,A,1120,Lola,20,A,No,Unknown,1.222222222,35,2,Y,Object shake,0.473214286,Consortship,0.68,Manual,1
11.108,1040,Duane,25+,A,1120,Lola,20,A,No,Unknown,1.222222222,35,2,Y,Object shake,0.473214286,Consortship,5.4,Manual,1
11.108,1041,Duane,25+,A,1120,Lola,20,A,No,Unknown,1.222222222,36,1,N,Object shake,0.473214286,Consortship,1.24,Manual,1
11.108,1042,Duane,25+,A,1120,Lola,20,A,No,Unknown,1.222222222,37,1,N,Hit object/ground,0.082142857,Consortship,1.8,Manual,1
11.111,1048,Duane,25+,A,1120,Lola,20,A,No,Unknown,1.222222222,41,2,Y,Object shake,0.473214286,Consortship,2.16,Manual,1
11.111,1049,Duane,25+,A,1120,Lola,20,A,No,Unknown,1.222222222,41,2,Y,Object shake,0.473214286,Consortship,4.64,Manual,1
11.112,1050,Duane,25+,A,1120,Lola,20,A,No,Unknown,1.222222222,42,1,N,Object shake,0.473214286,Consortship,1.44,Manual,1
11.112,1050,Duane,25+,A,1120,Lola,20,A,No,Unknown,1.222222222,43,1,N,Object shake,0.473214286,Consortship,8.48,Manual,1
11.113,1051,Duane,25+,A,1120,Lola,20,A,No,Unknown,1.222222222,44,1,N,Object shake,0.473214286,Consortship,3.16,Manual,1
11.114,1052,Duane,25+,A,1120,Lola,20,A,No,Unknown,1.222222222,45,2,Y,Object shake,0.473214286,Consortship,1.68,Manual,1
11.114,1053,Duane,25+,A,1120,Lola,20,A,No,Unknown,1.222222222,45,2,Y,Object shake,0.473214286,Consortship,3.4,Manual,1
11.115,1058,Duane,25+,A,1120,Lola,20,A,No,Unknown,1.222222222,48,4,Y,Hit object/ground,0.082142857,Consortship,0.32,Manual,1
11.115,1057,Duane,25+,A,1120,Lola,20,A,No,Unknown,1.222222222,48,4,Y,Jump,0.023214286,Consortship,0.72,Body,2
11.115,1056,Duane,25+,A,1120,Lola,20,A,No,Unknown,1.222222222,48,4,Y,Object shake,0.473214286,Consortship,3.36,Manual,1
11.115,1059,Duane,25+,A,1120,Lola,20,A,No,Unknown,1.222222222,48,4,Y,Stomp 2-feet object/ground,0.005357143,Consortship,0.44,Manual,1
11.122,1067,Duane,25+,A,1120,Lola,20,A,No,Unknown,1.222222222,50,2,Y,Object shake,0.473214286,Consortship,2.12,Manual,1
11.126,1071,Duane,25+,A,1120,Lola,20,A,No,Unknown,1.222222222,52,1,N,Object shake,0.473214286,Consortship,0.8,Manual,1
11.126,1073,Duane,25+,A,1120,Lola,20,A,No,Unknown,1.222222222,53,2,Y,Object shake,0.473214286,Consortship,2.04,Manual,1
11.126,1072,Duane,25+,A,1120,Lola,20,A,No,Unknown,1.222222222,53,2,Y,Swing,0.039285714,Consortship,0.6,Manual,1
11.126,1074,Duane,25+,A,1120,Lola,20,A,No,Unknown,1.222222222,54,3,Y,Object shake,0.473214286,Consortship,4.88,Manual,1
11.126,1075,Duane,25+,A,1120,Lola,20,A,No,Unknown,1.222222222,54,3,Y,Object shake,0.473214286,Consortship,0.76,Manual,1
11.126,1076,Duane,25+,A,1120,Lola,20,A,No,Unknown,1.222222222,54,3,Y,Throw object,0.008928571,Consortship,0.32,Manual,1
11.127,1077,Duane,25+,A,1120,Lola,20,A,No,Unknown,1.222222222,55,1,N,Object shake,0.473214286,Consortship,5.68,Manual,1
11.129,1081,Duane,25+,A,1120,Lola,20,A,No,Unknown,1.222222222,56,5,Y,Hit object/ground,0.082142857,Consortship,0.72,Manual,1
11.129,1078,Duane,25+,A,1120,Lola,20,A,No,Unknown,1.222222222,56,5,Y,Object shake,0.473214286,Consortship,1.76,Manual,1
11.129,1078,Duane,25+,A,1120,Lola,20,A,No,Unknown,1.222222222,56,5,Y,Object shake,0.473214286,Consortship,0.76,Manual,1
11.129,1079,Duane,25+,A,1120,Lola,20,A,No,Unknown,1.222222222,56,5,Y,Stomp object/ground,0.042857143,Consortship,0.48,Manual,1
11.129,1080,Duane,25+,A,1120,Lola,20,A,No,Unknown,1.222222222,56,5,Y,Swing,0.039285714,Consortship,0.32,Manual,1
11.129,1083,Duane,25+,A,1120,Lola,20,A,No,Unknown,1.222222222,57,2,Y,Object shake,0.473214286,Consortship,2.12,Manual,1
11.129,1082,Duane,25+,A,1120,Lola,20,A,No,Unknown,1.222222222,57,2,Y,Stomp object/ground,0.042857143,Consortship,0.24,Manual,1
11.133,1085,Duane,25+,A,1120,Lola,20,A,No,Unknown,1.222222222,59,1,N,Object shake,0.473214286,Consortship,2.24,Manual,1
11.133,1087,Duane,25+,A,1120,Lola,20,A,No,Unknown,1.222222222,60,2,Y,Hit object/ground,0.082142857,Consortship,0.4,Manual,1
11.133,1086,Duane,25+,A,1120,Lola,20,A,No,Unknown,1.222222222,60,2,Y,Object shake,0.473214286,Consortship,3.28,Manual,1
11.133,1088,Duane,25+,A,1120,Lola,20,A,No,Unknown,1.222222222,61,4,Y,Jump,0.023214286,Consortship,0.72,Body,2
11.133,1091,Duane,25+,A,1120,Lola,20,A,No,Unknown,1.222222222,61,4,Y,Object move,0.082142857,Consortship,0.32,Manual,1
11.133,1089,Duane,25+,A,1120,Lola,20,A,No,Unknown,1.222222222,61,4,Y,Object shake,0.473214286,Consortship,1,Manual,1
11.133,1090,Duane,25+,A,1120,Lola,20,A,No,Unknown,1.222222222,61,4,Y,Stomp 2-feet object/ground,0.005357143,Consortship,0.4,Manual,1
11.134,1094,Duane,25+,A,1120,Lola,20,A,No,Unknown,1.222222222,62,3,Y,Object shake,0.473214286,Consortship,2.08,Manual,1
11.134,1092,Duane,25+,A,1120,Lola,20,A,No,Unknown,1.222222222,62,3,Y,Swing,0.039285714,Consortship,1.28,Manual,1
11.134,1093,Duane,25+,A,1120,Lola,20,A,No,Unknown,1.222222222,62,3,Y,Swing,0.039285714,Consortship,1.72,Manual,1
11.135,1095,Duane,25+,A,1120,Lola,20,A,No,Unknown,1.222222222,63,2,Y,Object shake,0.473214286,Consortship,0.72,Manual,1
11.135,1096,Duane,25+,A,1120,Lola,20,A,No,Unknown,1.222222222,63,2,Y,Stomp object/ground,0.042857143,Consortship,0.6,Manual,1
11.135,1099,Duane,25+,A,1120,Lola,20,A,No,Unknown,1.222222222,64,6,Y,Hit object/ground,0.082142857,Consortship,1.32,Manual,1
11.135,1102,Duane,25+,A,1120,Lola,20,A,No,Unknown,1.222222222,64,6,Y,Jump,0.023214286,Consortship,0.44,Body,2
11.135,1097,Duane,25+,A,1120,Lola,20,A,No,Unknown,1.222222222,64,6,Y,Object move,0.082142857,Consortship,0.36,Manual,1
11.135,1098,Duane,25+,A,1120,Lola,20,A,No,Unknown,1.222222222,64,6,Y,Object shake,0.473214286,Consortship,1.28,Manual,1
11.135,1100,Duane,25+,A,1120,Lola,20,A,No,Unknown,1.222222222,64,6,Y,Object shake,0.473214286,Consortship,1.28,Manual,1
11.135,1101,Duane,25+,A,1120,Lola,20,A,No,Unknown,1.222222222,64,6,Y,Object shake,0.473214286,Consortship,2,Manual,1
11.137,1106,Duane,25+,A,1120,Lola,20,A,No,unknown,1.222222222,65,2,Y,Hit object/ground,0.082142857,Consortship,0.32,Manual,1
11.137,1105,Duane,25+,A,1120,Lola,20,A,No,Unknown,1.222222222,65,2,Y,Swing,0.039285714,Consortship,0.72,Manual,1
11.137,1107,Duane,25+,A,1120,Lola,20,A,No,Unknown,1.222222222,66,1,N,Object move,0.082142857,Consortship,1.68,Manual,1
11.137,1108,Duane,25+,A,1120,Lola,20,A,No,Unknown,1.222222222,67,1,N,Object move,0.082142857,Consortship,2.4,Manual,1
11.143,1111,Duane,25+,A,1120,Lola,20,A,No,Unknown,1.222222222,69,5,Y,Hit object/ground,0.082142857,Consortship,0.2,Manual,1
11.143,1113,Duane,25+,A,1120,Lola,20,A,No,Unknown,1.222222222,69,5,Y,Hit object/ground,0.082142857,Consortship,0.24,Manual,1
11.143,1112,Duane,25+,A,1120,Lola,20,A,No,Unknown,1.222222222,69,5,Y,Jump,0.023214286,Consortship,0.68,Body,2
11.143,1112,Duane,25+,A,1120,Lola,20,A,No,Unknown,1.222222222,69,5,Y,Jump,0.023214286,Consortship,0.48,Body,2
11.143,1110,Duane,25+,A,1120,Lola,20,A,No,Unknown,1.222222222,69,5,Y,Object shake,0.473214286,Consortship,3.8,Manual,1
11.146,1117,Duane,25+,A,1120,Lola,20,A,No,Unknown,1.222222222,70,2,Y,Object shake,0.473214286,Consortship,2.16,Manual,1
11.146,1118,Duane,25+,A,1120,Lola,20,A,No,Unknown,1.222222222,71,1,N,Object shake,0.473214286,Consortship,2.36,Manual,1
11.146,1119,Duane,25+,A,1120,Lola,20,A,No,Unknown,1.222222222,72,1,N,Object shake,0.473214286,Consortship,2.72,Manual,1
11.165,1122,Duane,25+,A,1120,Lola,20,A,No,Unknown,1.222222222,73,2,Y,Object shake,0.473214286,Consortship,0.92,Manual,1
11.165,1122,Duane,25+,A,1120,Lola,20,A,No,Unknown,1.222222222,73,2,Y,Stomp object/ground,0.042857143,Consortship,0.68,Manual,1
11.169,1127,Duane,25+,A,1120,Lola,20,A,No,Unknown,1.222222222,74,5,Y,Hit object/ground,0.082142857,Consortship,0.28,Manual,1
11.169,1128,Duane,25+,A,1120,Lola,20,A,No,Unknown,1.222222222,74,5,Y,Hit object/ground,0.082142857,Consortship,0.48,Manual,1
11.169,1126,Duane,25+,A,1120,Lola,20,A,No,Unknown,1.222222222,74,5,Y,Jump,0.023214286,Consortship,0.6,Body,2
11.169,1126,Duane,25+,A,1120,Lola,20,A,No,Unknown,1.222222222,74,5,Y,Jump,0.023214286,Consortship,0.68,Body,2
11.191,1131,Duane,25+,A,1120,Lola,20,A,No,Unknown,1.222222222,75,5,Y,Jump,0.023214286,Consortship,0.48,Body,2
11.191,1133,Duane,25+,A,1120,Lola,20,A,No,Unknown,1.222222222,75,5,Y,Jump,0.023214286,Consortship,0.68,Body,2
11.191,1132,Duane,25+,A,1120,Lola,20,A,No,Unknown,1.222222222,75,5,Y,Stomp object/ground,0.042857143,Consortship,0.48,Manual,1
11.191,1130,Duane,25+,A,1120,Lola,20,A,No,Unknown,1.222222222,75,5,Y,Swing,0.039285714,Consortship,1.04,Manual,1
15.102,606,Duane,25+,A,1120,Zimba,25+,A,Yes,Unknown,1.222222222,77,1,N,Object shake,0.473214286,Consortship,4.2,Manual,1
15.102,609,Duane,25+,A,1120,Zimba,25+,A,Yes,Unknown,1.222222222,79,2,Y,Object shake,0.473214286,Consortship,1.12,Manual,1
15.102,610,Duane,25+,A,1120,Zimba,25+,A,Yes,Unknown,1.222222222,79,2,Y,Object shake,0.473214286,Consortship,3.12,Manual,1
15.102,611,Duane,25+,A,1120,Zimba,25+,A,Yes,Unknown,1.222222222,80,1,N,Object shake,0.473214286,Consortship,1.6,Manual,1
15.103,613,Duane,25+,A,1120,Zimba,25+,A,Yes,Unknown,1.222222222,81,2,Y,Object shake,0.473214286,Consortship,2.48,Manual,1
15.103,614,Duane,25+,A,1120,Zimba,25+,A,Yes,Unknown,1.222222222,81,2,Y,Object shake,0.473214286,Consortship,1.52,Manual,1
15.103,615,Duane,25+,A,1120,Zimba,25+,A,Yes,Unknown,1.222222222,82,2,Y,Object shake,0.473214286,Consortship,7.36,Manual,1
15.103,616,Duane,25+,A,1120,Zimba,25+,A,Yes,Unknown,1.222222222,82,2,Y,Object shake,0.473214286,Consortship,7.36,Manual,1
15.104,617,Duane,25+,A,1120,Zimba,25+,A,Yes,Unknown,1.222222222,83,1,N,Object shake,0.473214286,Consortship,7.96,Manual,1
15.104,618,Duane,25+,A,1120,Zimba,25+,A,Yes,Unknown,1.222222222,84,2,Y,Object shake,0.473214286,Consortship,1.56,Manual,1
15.104,619,Duane,25+,A,1120,Zimba,25+,A,Yes,Unknown,1.222222222,84,2,Y,Object shake,0.473214286,Consortship,9.44,Manual,1
15.104,620,Duane,25+,A,1120,Zimba,25+,A,Yes,Unknown,1.222222222,85,2,Y,Object shake,0.473214286,Consortship,1.28,Manual,1
15.104,621,Duane,25+,A,1120,Zimba,25+,A,Yes,Unknown,1.222222222,85,2,Y,Object shake,0.473214286,Consortship,11.08,Manual,1
15.104,622,Duane,25+,A,1120,Zimba,25+,A,Yes,Unknown,1.222222222,86,1,N,Object shake,0.473214286,Consortship,5.96,Manual,1
15.104,623,Duane,25+,A,1120,Zimba,25+,A,Yes,Unknown,1.222222222,87,1,N,Object shake,0.473214286,Consortship,11.48,Manual,1
15.105,624,Duane,25+,A,1120,Zimba,25+,A,Yes,Unknown,1.222222222,88,1,N,Object shake,0.473214286,Consortship,5.8,Manual,1
15.105,625,Duane,25+,A,1120,Zimba,25+,A,Yes,Unknown,1.222222222,89,1,N,Object shake,0.473214286,Consortship,9.08,Manual,1
15.107,626,Duane,25+,A,1120,Zimba,25+,A,Yes,Unknown,1.222222222,90,1,N,Object shake,0.473214286,Consortship,10.36,Manual,1
15.116,633,Duane,25+,A,1120,Zimba,25+,A,Yes,Unknown,1.222222222,93,1,N,Object shake,0.473214286,Consortship,5.16,Manual,1
15.118,634,Duane,25+,A,1120,Zimba,25+,A,Yes,Unknown,1.222222222,94,1,N,Object shake,0.473214286,Consortship,1.56,Manual,1
15.118,635,Duane,25+,A,1120,Zimba,25+,A,Yes,Unknown,1.222222222,95,1,N,Object shake,0.473214286,Consortship,6.64,Manual,1
15.118,636,Duane,25+,A,1120,Zimba,25+,A,Yes,Unknown,1.222222222,96,1,N,Object shake,0.473214286,Consortship,2.72,Manual,1
15.118,637,Duane,25+,A,1120,Zimba,25+,A,Yes,Unknown,1.222222222,97,1,N,Object shake,0.473214286,Consortship,3,Manual,1
15.122,639,Duane,25+,A,1120,Zimba,25+,A,Yes,Unknown,1.222222222,98,1,N,Object shake,0.473214286,Consortship,4.92,Manual,1
15.128,640,Duane,25+,A,1120,Zimba,25+,A,Yes,Unknown,1.222222222,99,1,N,Object shake,0.473214286,Consortship,4.72,Manual,1
15.128,641,Duane,25+,A,1120,Zimba,25+,A,Yes,Unknown,1.222222222,100,2,Y,Object shake,0.473214286,Consortship,3.88,Manual,1
15.128,642,Duane,25+,A,1120,Zimba,25+,A,Yes,Unknown,1.222222222,100,2,Y,Object shake,0.473214286,Consortship,10.36,Manual,1
15.132,643,Duane,25+,A,1120,Zimba,25+,A,Yes,Unknown,1.222222222,101,1,N,Object shake,0.473214286,Consortship,0.96,Manual,1
15.132,644,Duane,25+,A,1120,Zimba,25+,A,Yes,Unknown,1.222222222,102,2,Y,Object shake,0.473214286,Consortship,3.84,Manual,1
15.132,645,Duane,25+,A,1120,Zimba,25+,A,Yes,Unknown,1.222222222,102,2,Y,Object shake,0.473214286,Consortship,3.32,Manual,1
15.132,648,Duane,25+,A,1120,Zimba,25+,A,Yes,Unknown,1.222222222,103,3,Y,Jump,0.023214286,Consortship,0.28,Body,2
15.132,646,Duane,25+,A,1120,Zimba,25+,A,Yes,Unknown,1.222222222,103,3,Y,Object shake,0.473214286,Consortship,2.44,Manual,1
15.132,647,Duane,25+,A,1120,Zimba,25+,A,Yes,Unknown,1.222222222,103,3,Y,Object shake,0.473214286,Consortship,3.4,Manual,1
15.132,649,Duane,25+,A,1120,Zimba,25+,A,Yes,Unknown,1.222222222,104,1,N,Object shake,0.473214286,Consortship,3,Manual,1
15.132,650,Duane,25+,A,1120,Zimba,25+,A,Yes,Unknown,1.222222222,105,1,N,Object shake,0.473214286,Consortship,2.68,Manual,1
15.133,655,Duane,25+,A,1120,Zimba,25+,A,Yes,Unknown,1.222222222,108,1,N,Object shake,0.473214286,Consortship,1.8,Manual,1
15.133,656,Duane,25+,A,1120,Zimba,25+,A,Yes,Unknown,1.222222222,109,1,N,Object shake,0.473214286,Consortship,4.16,Manual,1
15.135,657,Duane,25+,A,1120,Zimba,25+,A,Yes,Unknown,1.222222222,110,1,N,Object shake,0.473214286,Consortship,8.76,Manual,1
15.139,659,Duane,25+,A,1120,Zimba,25+,A,Yes,Unknown,1.222222222,111,1,N,Object shake,0.473214286,Consortship,8.32,Manual,1
15.139,660,Duane,25+,A,1120,Zimba,25+,A,Yes,Unknown,1.222222222,112,1,N,Object shake,0.473214286,Consortship,1.88,Manual,1
15.139,661,Duane,25+,A,1120,Zimba,25+,A,Yes,Unknown,1.222222222,113,1,N,Object shake,0.473214286,Consortship,1.56,Manual,1
15.143,666,Duane,25+,A,1120,Zimba,25+,A,Yes,Unknown,1.222222222,116,3,Y,Hit object/ground with object,0.023214286,Consortship,5.52,Manual,1
15.143,668,Duane,25+,A,1120,Zimba,25+,A,Yes,Unknown,1.222222222,116,3,Y,Hit object/ground with object,0.023214286,Consortship,1.72,Manual,1
15.143,667,Duane,25+,A,1120,Zimba,25+,A,Yes,Unknown,1.222222222,116,3,Y,Object shake,0.473214286,Consortship,4.2,Manual,1
15.143,669,Duane,25+,A,1120,Zimba,25+,A,Yes,Unknown,1.222222222,117,1,N,Hit object/ground with object,0.023214286,Consortship,2,Manual,1
15.143,670,Duane,25+,A,1120,Zimba,25+,A,Yes,Unknown,1.222222222,118,1,N,Hit object/ground with object,0.023214286,Consortship,1.52,Manual,1
15.145,672,Duane,25+,A,1120,Zimba,25+,A,Yes,Unknown,1.222222222,119,3,Y,Hit object/ground,0.082142857,Consortship,1.48,Manual,1
15.145,673,Duane,25+,A,1120,Zimba,25+,A,Yes,Unknown,1.222222222,119,3,Y,Object shake,0.473214286,Consortship,1.52,Manual,1
15.145,676,Duane,25+,A,1120,Zimba,25+,A,Yes,Unknown,1.222222222,120,3,Y,Jump,0.023214286,Consortship,0.56,Body,2
15.145,674,Duane,25+,A,1120,Zimba,25+,A,Yes,Unknown,1.222222222,120,3,Y,Object shake,0.473214286,Consortship,4.72,Manual,1
15.145,675,Duane,25+,A,1120,Zimba,25+,A,Yes,Unknown,1.222222222,120,3,Y,Object shake,0.473214286,Consortship,5.4,Manual,1
15.145,677,Duane,25+,A,1120,Zimba,25+,A,Yes,Unknown,1.222222222,121,2,Y,Object shake,0.473214286,Consortship,0.64,Manual,1
15.145,678,Duane,25+,A,1120,Zimba,25+,A,Yes,Unknown,1.222222222,121,2,Y,Object shake,0.473214286,Consortship,6.92,Manual,1
15.145,679,Duane,25+,A,1120,Zimba,25+,A,Yes,Unknown,1.222222222,122,2,Y,Object shake,0.473214286,Consortship,1.4,Manual,1
15.145,680,Duane,25+,A,1120,Zimba,25+,A,Yes,Unknown,1.222222222,122,2,Y,Shake arm,0.003571429,Consortship,1.04,Manual,1
15.148,682,Duane,25+,A,1120,Zimba,25+,A,Yes,Unknown,1.222222222,123,3,Y,Hit object/ground with object,0.023214286,Consortship,0.6,Manual,1
15.148,683,Duane,25+,A,1120,Zimba,25+,A,Yes,Unknown,1.222222222,123,3,Y,Object shake,0.473214286,Consortship,1.8,Manual,1
15.148,684,Duane,25+,A,1120,Zimba,25+,A,Yes,Unknown,1.222222222,123,3,Y,Stomp 2-feet object/ground,0.005357143,Consortship,1.52,Manual,1
15.148,685,Duane,25+,A,1120,Zimba,25+,A,Yes,Unknown,1.222222222,124,1,N,Hit object/ground with object,0.023214286,Consortship,2.2,Manual,1
15.148,686,Duane,25+,A,1120,Zimba,25+,A,Yes,Unknown,1.222222222,125,1,N,Hit object/ground with object,0.023214286,Consortship,0.44,Manual,1
15.148,687,Duane,25+,A,1120,Zimba,25+,A,Yes,Unknown,1.222222222,126,6,Y,Hit object/ground,0.082142857,Consortship,1.04,Manual,1
15.148,688,Duane,25+,A,1120,Zimba,25+,A,Yes,Unknown,1.222222222,126,6,Y,Hit object/ground,0.082142857,Consortship,0.88,Manual,1
15.148,689,Duane,25+,A,1120,Zimba,25+,A,Yes,Unknown,1.222222222,126,6,Y,Object shake,0.473214286,Consortship,3.04,Manual,1
15.148,690,Duane,25+,A,1120,Zimba,25+,A,Yes,Unknown,1.222222222,126,6,Y,Object shake,0.473214286,Consortship,1.16,Manual,1
15.148,692,Duane,25+,A,1120,Zimba,25+,A,Yes,Unknown,1.222222222,126,6,Y,Object shake,0.473214286,Consortship,2.72,Manual,1
15.148,691,Duane,25+,A,1120,Zimba,25+,A,Yes,Unknown,1.222222222,126,6,Y,Stomp object/ground,0.042857143,Consortship,0.28,Manual,1
15.148,693,Duane,25+,A,1120,Zimba,25+,A,Yes,Unknown,1.222222222,127,1,N,Object shake,0.473214286,Consortship,2.04,Manual,1
15.15,696,Duane,25+,A,1120,Zimba,25+,A,Yes,Unknown,1.222222222,128,3,Y,Object shake,0.473214286,Consortship,2.12,Manual,1
15.15,695,Duane,25+,A,1120,Zimba,25+,A,Yes,Unknown,1.222222222,128,3,Y,Swing,0.039285714,Consortship,0.48,Manual,1
15.15,699,Duane,25+,A,1120,Zimba,25+,A,Yes,Unknown,1.222222222,129,2,Y,Object shake,0.473214286,Consortship,1.24,Manual,1
15.15,698,Duane,25+,A,1120,Zimba,25+,A,Yes,Unknown,1.222222222,129,2,Y,Swing,0.039285714,Consortship,1.16,Manual,1
15.151,700,Duane,25+,A,1120,Zimba,25+,A,Yes,Unknown,1.222222222,130,2,Y,Object move,0.082142857,Consortship,3.32,Manual,1
15.151,701,Duane,25+,A,1120,Zimba,25+,A,Yes,Unknown,1.222222222,130,2,Y,Object shake,0.473214286,Consortship,2.32,Manual,1
15.151,703,Duane,25+,A,1120,Zimba,25+,A,Yes,Unknown,1.222222222,131,2,Y,Hit object/ground,0.082142857,Consortship,0.88,Manual,1
15.151,702,Duane,25+,A,1120,Zimba,25+,A,Yes,Unknown,1.222222222,131,2,Y,Swing: with object,0.007142857,Consortship,0.92,Manual,1
15.151,705,Duane,25+,A,1120,Zimba,25+,A,Yes,Unknown,1.222222222,132,2,Y,Object move,0.082142857,Consortship,1.4,Manual,1
15.151,704,Duane,25+,A,1120,Zimba,25+,A,Yes,Unknown,1.222222222,132,2,Y,Object shake,0.473214286,Consortship,1.2,Manual,1
15.163,709,Duane,25+,A,1120,Zimba,25+,A,Yes,Unknown,1.222222222,136,1,N,Object shake,0.473214286,Consortship,2.88,Manual,1
15.163,710,Duane,25+,A,1120,Zimba,25+,A,Yes,Unknown,1.222222222,137,1,N,Object shake,0.473214286,Consortship,2.12,Manual,1
15.164,711,Duane,25+,A,1120,Zimba,25+,A,Yes,Unknown,1.222222222,138,2,Y,Object shake,0.473214286,Consortship,2.36,Manual,1
15.164,712,Duane,25+,A,1120,Zimba,25+,A,Yes,Unknown,1.222222222,138,2,Y,Object shake,0.473214286,Consortship,4.84,Manual,1
15.164,713,Duane,25+,A,1120,Zimba,25+,A,Yes,Unknown,1.222222222,139,1,N,Object shake,0.473214286,Consortship,2.2,Manual,1
15.173,715,Duane,25+,A,1120,Zimba,25+,A,Yes,Unknown,1.222222222,140,2,Y,Hit object/ground with object,0.023214286,Consortship,0.8,Manual,1
15.173,716,Duane,25+,A,1120,Zimba,25+,A,Yes,Unknown,1.222222222,140,2,Y,Object shake,0.473214286,Consortship,4.96,Manual,1
15.173,717,Duane,25+,A,1120,Zimba,25+,A,Yes,Unknown,1.222222222,141,1,N,Object shake,0.473214286,Consortship,5.04,Manual,1
15.173,718,Duane,25+,A,1120,Zimba,25+,A,Yes,Unknown,1.222222222,142,1,N,Hit object/ground with object,0.023214286,Consortship,10.28,Manual,1
15.173,720,Duane,25+,A,1120,Zimba,25+,A,Yes,Unknown,1.222222222,143,2,Y,Hit object/ground with object,0.023214286,Consortship,6.36,Manual,1
15.173,719,Duane,25+,A,1120,Zimba,25+,A,Yes,Unknown,1.222222222,143,2,Y,Object shake,0.473214286,Consortship,1.96,Manual,1
15.173,721,Duane,25+,A,1120,Zimba,25+,A,Yes,Unknown,1.222222222,144,1,N,Object shake,0.473214286,Consortship,3.48,Manual,1
15.174,723,Duane,25+,A,1120,Zimba,25+,A,Yes,Unknown,1.222222222,146,1,N,Object shake,0.473214286,Consortship,9.2,Manual,1
15.174,724,Duane,25+,A,1120,Zimba,25+,A,Yes,Unknown,1.222222222,147,1,N,Object shake,0.473214286,Consortship,15.04,Manual,1
15.175,725,Duane,25+,A,1120,Zimba,25+,A,Yes,Unknown,1.222222222,148,1,N,Object shake,0.473214286,Consortship,6.08,Manual,1
15.185,728,Duane,25+,A,1120,Zimba,25+,A,Yes,Unknown,1.222222222,149,1,N,Object shake,0.473214286,Consortship,8.56,Manual,1
15.186,730,Duane,25+,A,1120,Zimba,25+,A,Yes,Unknown,1.222222222,150,2,Y,Object shake,0.473214286,Consortship,2.84,Manual,1
15.188,734,Duane,25+,A,1120,Zimba,25+,A,Yes,Unknown,1.222222222,152,5,Y,Jump,0.023214286,Consortship,0.36,Body,2
15.188,732,Duane,25+,A,1120,Zimba,25+,A,Yes,Unknown,1.222222222,152,5,Y,Object shake,0.473214286,Consortship,1.52,Manual,1
15.188,733,Duane,25+,A,1120,Zimba,25+,A,Yes,Unknown,1.222222222,152,5,Y,Object shake,0.473214286,Consortship,1.12,Manual,1
15.188,736,Duane,25+,A,1120,Zimba,25+,A,Yes,Unknown,1.222222222,152,5,Y,Object shake,0.473214286,Consortship,1.48,Manual,1
15.188,735,Duane,25+,A,1120,Zimba,25+,A,Yes,Unknown,1.222222222,152,5,Y,Stomp object/ground,0.042857143,Consortship,0.32,Manual,1
16.1,551,Duane,25+,A,1120,Zimba,25+,A,Yes,Unknown,1.222222222,166,1,N,Swing: directed,0.005357143,Consortship,1,Manual,1
16.4,554,Duane,25+,A,1120,Zimba,25+,A,Yes,Unknown,1.222222222,168,2,Y,Object shake,0.473214286,Consortship,1.64,Manual,1
16.4,555,Duane,25+,A,1120,Zimba,25+,A,Yes,Unknown,1.222222222,169,1,N,Object shake,0.473214286,Consortship,4.52,Manual,1
16.4,558,Duane,25+,A,1120,Zimba,25+,A,Yes,Unknown,1.222222222,170,3,Y,Object move,0.082142857,Consortship,0.64,Manual,1
16.4,557,Duane,25+,A,1120,Zimba,25+,A,Yes,Unknown,1.222222222,170,3,Y,Object shake,0.473214286,Consortship,4.2,Manual,1
16.4,556,Duane,25+,A,1120,Zimba,25+,A,Yes,Unknown,1.222222222,170,3,Y,Shake head,0.001785714,Consortship,0.4,Manual,1
16.6,559,Duane,25+,A,1120,Zimba,25+,A,Yes,Unknown,1.222222222,171,1,N,Swing,0.039285714,Consortship,1.48,Manual,1
16.1,560,Duane,25+,A,1120,Zimba,25+,A,Yes,Unknown,1.222222222,172,1,N,Object shake,0.473214286,Consortship,1.36,Manual,1
16.1,561,Duane,25+,A,1120,Zimba,25+,A,Yes,Unknown,1.222222222,173,1,N,Object shake,0.473214286,Consortship,7.28,Manual,1
16.1,562,Duane,25+,A,1120,Zimba,25+,A,Yes,Unknown,1.222222222,174,1,N,Object shake,0.473214286,Consortship,2.4,Manual,1
18.7,391,Duane,25+,A,1120,Zimba,25+,A,Yes,Unknown,1.222222222,177,2,Y,Object move,0.082142857,Consortship,0.6,Manual,1
18.7,392,Duane,25+,A,1120,Zimba,25+,A,Yes,Unknown,1.222222222,177,2,Y,Object move,0.082142857,Consortship,1.04,Manual,1
18.7,393,Duane,25+,A,1120,Zimba,25+,A,Yes,Unknown,1.222222222,178,1,N,Object move,0.082142857,Consortship,0.72,Manual,1
18.7,394,Duane,25+,A,1120,Zimba,25+,A,Yes,Unknown,1.222222222,179,1,N,Object move,0.082142857,Consortship,0.44,Manual,1
18.7,397,Duane,25+,A,1120,Zimba,25+,A,Yes,Unknown,1.222222222,180,4,Y,Object move,0.082142857,Consortship,4.12,Manual,1
18.7,398,Duane,25+,A,1120,Zimba,25+,A,Yes,Unknown,1.222222222,180,4,Y,Shake arm,0.003571429,Consortship,0.84,Manual,1
18.7,395,Duane,25+,A,1120,Zimba,25+,A,Yes,Unknown,1.222222222,180,4,Y,Swing,0.039285714,Consortship,0.96,Manual,1
18.7,396,Duane,25+,A,1120,Zimba,25+,A,Yes,Unknown,1.222222222,180,4,Y,Swing,0.039285714,Consortship,2.12,Manual,1
18.7,399,Duane,25+,A,1120,Zimba,25+,A,Yes,Unknown,1.222222222,181,1,N,Object move,0.082142857,Consortship,0.8,Manual,1
18.1,400,Duane,25+,A,1120,Zimba,25+,A,Yes,Unknown,1.222222222,182,2,Y,Object move,0.082142857,Consortship,0.56,Manual,1
18.1,401,Duane,25+,A,1120,Zimba,25+,A,Yes,Unknown,1.222222222,182,2,Y,Throw object,0.008928571,Consortship,0.36,Manual,1
18.1,402,Duane,25+,A,1120,Zimba,25+,A,Yes,Unknown,1.222222222,183,1,N,Swing,0.039285714,Consortship,1,Manual,1
18.11,404,Duane,25+,A,1120,Zimba,25+,A,Yes,Unknown,1.222222222,185,1,N,Object shake,0.473214286,Consortship,2.76,Manual,1
18.11,408,Duane,25+,A,1120,Zimba,25+,A,Yes,Unknown,1.222222222,186,5,Y,Hit object/ground,0.082142857,Consortship,0.4,Manual,1
18.11,407,Duane,25+,A,1120,Zimba,25+,A,Yes,Unknown,1.222222222,186,5,Y,Object move,0.082142857,Consortship,1.8,Manual,1
18.11,409,Duane,25+,A,1120,Zimba,25+,A,Yes,Unknown,1.222222222,186,5,Y,Object shake,0.473214286,Consortship,1.92,Manual,1
18.11,405,Duane,25+,A,1120,Zimba,25+,A,Yes,Unknown,1.222222222,186,5,Y,Swing,0.039285714,Consortship,2.68,Manual,1
18.11,406,Duane,25+,A,1120,Zimba,25+,A,Yes,Unknown,1.222222222,186,5,Y,Throw object,0.008928571,Consortship,0.64,Manual,1
18.11,410,Duane,25+,A,1120,Zimba,25+,A,Yes,Unknown,1.222222222,187,1,N,Object shake,0.473214286,Consortship,3.44,Manual,1
18.12,411,Duane,25+,A,1120,Zimba,25+,A,Yes,Unknown,1.222222222,188,1,N,Object shake,0.473214286,Consortship,2.84,Manual,1
18.12,412,Duane,25+,A,1120,Zimba,25+,A,Yes,Unknown,1.222222222,189,2,Y,Hit object/ground,0.082142857,Consortship,0.76,Manual,1
18.12,413,Duane,25+,A,1120,Zimba,25+,A,Yes,Unknown,1.222222222,189,2,Y,Object shake,0.473214286,Consortship,1.52,Manual,1
18.12,414,Duane,25+,A,1120,Zimba,25+,A,Yes,Unknown,1.222222222,190,1,N,Object shake,0.473214286,Consortship,4.6,Manual,1
18.16,420,Duane,25+,A,1120,Zimba,25+,A,Yes,Unknown,1.222222222,192,2,Y,Object shake,0.473214286,Consortship,2.12,Manual,1
18.16,421,Duane,25+,A,1120,Zimba,25+,A,Yes,Unknown,1.222222222,193,1,N,Object shake,0.473214286,Consortship,3,Manual,1
18.16,422,Duane,25+,A,1120,Zimba,25+,A,Yes,Unknown,1.222222222,194,1,N,Object move,0.082142857,Consortship,5.08,Manual,1
18.17,423,Duane,25+,A,1120,Zimba,25+,A,Yes,Unknown,1.222222222,195,1,N,Object shake,0.473214286,Consortship,2.24,Manual,1
18.17,425,Duane,25+,A,1120,Zimba,25+,A,Yes,Unknown,1.222222222,196,2,Y,Hit object/ground with object,0.023214286,Consortship,1.28,Manual,1
18.17,424,Duane,25+,A,1120,Zimba,25+,A,Yes,Unknown,1.222222222,196,2,Y,Object shake,0.473214286,Consortship,3.08,Manual,1
18.17,426,Duane,25+,A,1120,Zimba,25+,A,Yes,Unknown,1.222222222,197,1,N,Hit object/ground with object,0.023214286,Consortship,0.64,Manual,1
18.18,427,Duane,25+,A,1120,Zimba,25+,A,Yes,Unknown,1.222222222,198,1,N,Hit object/ground with object,0.023214286,Consortship,0.6,Manual,1
18.19,429,Duane,25+,A,1120,Zimba,25+,A,Yes,Unknown,1.222222222,199,1,N,Object shake,0.473214286,Consortship,2.2,Manual,1
18.19,430,Duane,25+,A,1120,Zimba,25+,A,Yes,Unknown,1.222222222,200,2,Y,Object move,0.082142857,Consortship,2.16,Manual,1
18.19,431,Duane,25+,A,1120,Zimba,25+,A,Yes,Unknown,1.222222222,200,2,Y,Object shake,0.473214286,Consortship,4.64,Manual,1
18.2,433,Duane,25+,A,1120,Zimba,25+,A,Yes,Unknown,1.222222222,201,3,Y,Object move,0.082142857,Consortship,1.6,Manual,1
18.2,432,Duane,25+,A,1120,Zimba,25+,A,Yes,Unknown,1.222222222,201,3,Y,Swing,0.039285714,Consortship,1.92,Manual,1
18.2,434,Duane,25+,A,1120,Zimba,25+,A,Yes,Unknown,1.222222222,201,3,Y,Swing,0.039285714,Consortship,0.88,Manual,1
18.2,435,Duane,25+,A,1120,Zimba,25+,A,Yes,Unknown,1.222222222,202,1,N,Hit object/ground,0.082142857,Consortship,0.52,Manual,1
18.2,436,Duane,25+,A,1120,Zimba,25+,A,Yes,Unknown,1.222222222,203,1,N,Swing,0.039285714,Consortship,1.28,Manual,1
18.2,437,Duane,25+,A,1120,Zimba,25+,A,Yes,Unknown,1.222222222,204,1,N,Swing: with object,0.007142857,Consortship,1.44,Manual,1
18.2,438,Duane,25+,A,1120,Zimba,25+,A,Yes,Unknown,1.222222222,205,1,N,Object shake,0.473214286,Consortship,8,Manual,1
18.2,438,Duane,25+,A,1120,Zimba,25+,A,Yes,Unknown,1.222222222,206,1,N,Object shake,0.473214286,Consortship,1.76,Manual,1
18.2,442,Duane,25+,A,1120,Zimba,25+,A,Yes,Unknown,1.222222222,207,3,Y,Jump,0.023214286,Consortship,0.24,Body,2
18.2,441,Duane,25+,A,1120,Zimba,25+,A,Yes,Unknown,1.222222222,207,3,Y,Object shake,0.473214286,Consortship,7.12,Manual,1
18.2,443,Duane,25+,A,1120,Zimba,25+,A,Yes,Unknown,1.222222222,207,3,Y,Wave,0.001785714,Consortship,0.64,Manual,1
18.21,446,Duane,25+,A,1120,Zimba,25+,A,Yes,Unknown,1.222222222,208,3,Y,Object move,0.082142857,Consortship,0.64,Manual,1
18.21,444,Duane,25+,A,1120,Zimba,25+,A,Yes,Unknown,1.222222222,208,3,Y,Swing: with object,0.007142857,Consortship,2.04,Manual,1
18.21,445,Duane,25+,A,1120,Zimba,25+,A,Yes,Unknown,1.222222222,208,3,Y,Swing: with object,0.007142857,Consortship,2.08,Manual,1
18.21,447,Duane,25+,A,1120,Zimba,25+,A,Yes,Unknown,1.222222222,209,1,N,Throw object,0.008928571,Consortship,0.56,Manual,1
18.21,449,Duane,25+,A,1120,Zimba,25+,A,Yes,Unknown,1.222222222,210,2,Y,Object shake,0.473214286,Consortship,6.48,Manual,1
18.21,448,Duane,25+,A,1120,Zimba,25+,A,Yes,Unknown,1.222222222,210,2,Y,Throw object,0.008928571,Consortship,0.44,Manual,1
18.22,450,Duane,25+,A,1120,Zimba,25+,A,Yes,Unknown,1.222222222,211,1,N,Object shake,0.473214286,Consortship,1.44,Manual,1
18.23,451,Duane,25+,A,1120,Zimba,25+,A,Yes,Unknown,1.222222222,212,5,Y,Object move,0.082142857,Consortship,1.76,Manual,1
18.23,453,Duane,25+,A,1120,Zimba,25+,A,Yes,Unknown,1.222222222,212,5,Y,Object move,0.082142857,Consortship,1.88,Manual,1
18.23,454,Duane,25+,A,1120,Zimba,25+,A,Yes,Unknown,1.222222222,212,5,Y,Stomp object/ground,0.042857143,Consortship,0.28,Manual,1
18.23,452,Duane,25+,A,1120,Zimba,25+,A,Yes,Unknown,1.222222222,212,5,Y,Swing,0.039285714,Consortship,2.68,Manual,1
18.23,452,Duane,25+,A,1120,Zimba,25+,A,Yes,Unknown,1.222222222,212,5,Y,Swing,0.039285714,Consortship,0.24,Manual,1
18.23,455,Duane,25+,A,1120,Zimba,25+,A,Yes,Unknown,1.222222222,213,2,Y,Object move,0.082142857,Consortship,1.28,Manual,1
18.23,456,Duane,25+,A,1120,Zimba,25+,A,Yes,Unknown,1.222222222,213,2,Y,Swing,0.039285714,Consortship,0.6,Manual,1
18.23,457,Duane,25+,A,1120,Zimba,25+,A,Yes,Unknown,1.222222222,214,1,N,Object move,0.082142857,Consortship,0.64,Manual,1
18.27,460,Duane,25+,A,1120,Zimba,25+,A,Yes,Unknown,1.222222222,216,1,N,Object shake,0.473214286,Consortship,0.76,Manual,1
18.27,461,Duane,25+,A,1120,Zimba,25+,A,Yes,Unknown,1.222222222,217,1,N,Object shake,0.473214286,Consortship,2.68,Manual,1
18.27,462,Duane,25+,A,1120,Zimba,25+,A,Yes,Unknown,1.222222222,218,1,N,Object shake,0.473214286,Consortship,1.56,Manual,1
18.28,463,Duane,25+,A,1120,Zimba,25+,A,Yes,Unknown,1.222222222,219,1,N,Swing,0.039285714,Consortship,3.64,Manual,1
18.28,464,Duane,25+,A,1120,Zimba,25+,A,Yes,Unknown,1.222222222,220,2,Y,Object move,0.082142857,Consortship,3.4,Manual,1
18.28,465,Duane,25+,A,1120,Zimba,25+,A,Yes,Unknown,1.222222222,220,2,Y,Object move,0.082142857,Consortship,0.96,Manual,1
18.29,466,Duane,25+,A,1120,Zimba,25+,A,Yes,Unknown,1.222222222,221,3,Y,Object move,0.082142857,Consortship,1.92,Manual,1
18.29,467,Duane,25+,A,1120,Zimba,25+,A,Yes,Unknown,1.222222222,221,3,Y,Object shake,0.473214286,Consortship,1.28,Manual,1
18.29,468,Duane,25+,A,1120,Zimba,25+,A,Yes,Unknown,1.222222222,221,3,Y,Object shake,0.473214286,Consortship,2,Manual,1
18.29,469,Duane,25+,A,1120,Zimba,25+,A,Yes,Unknown,1.222222222,222,1,N,Object shake,0.473214286,Consortship,3.44,Manual,1
18.29,470,Duane,25+,A,1120,Zimba,25+,A,Yes,Unknown,1.222222222,223,1,N,Object shake,0.473214286,Consortship,5.52,Manual,1
18.37,471,Duane,25+,A,1120,Zimba,25+,A,Yes,Unknown,1.222222222,224,1,N,Object shake,0.473214286,Consortship,4.72,Manual,1
18.38,472,Duane,25+,A,1120,Zimba,25+,A,Yes,Unknown,1.222222222,225,1,N,Object shake,0.473214286,Consortship,3.96,Manual,1
18.39,473,Duane,25+,A,1120,Zimba,25+,A,Yes,Unknown,1.222222222,226,1,N,Object move,0.082142857,Consortship,0.76,Manual,1
18.43,475,Duane,25+,A,1120,Zimba,25+,A,Yes,Unknown,1.222222222,228,1,N,Object shake,0.473214286,Consortship,5.48,Manual,1
18.43,476,Duane,25+,A,1120,Zimba,25+,A,Yes,Unknown,1.222222222,229,1,N,Object shake,0.473214286,Consortship,3.52,Manual,1
18.44,477,Duane,25+,A,1120,Zimba,25+,A,Yes,Unknown,1.222222222,230,2,Y,Object shake,0.473214286,Consortship,5.28,Manual,1
18.44,478,Duane,25+,A,1120,Zimba,25+,A,Yes,Unknown,1.222222222,230,2,Y,Swing,0.039285714,Consortship,0.44,Manual,1
18.46,479,Duane,25+,A,1120,Zimba,25+,A,Yes,Unknown,1.222222222,231,1,N,Object move,0.082142857,Consortship,1.04,Manual,1
18.46,480,Duane,25+,A,1120,Zimba,25+,A,Yes,Unknown,1.222222222,232,1,N,Object shake,0.473214286,Consortship,5.52,Manual,1
23.18,1189,Musa,16,A,1010,Wilma,25+,A,Yes,Unknown,1.428571429,234,1,N,Leaf clipping,0.0625,Sex,6.52,Manual,1
25.222,1289,Kwezi,13,SA,928,Bahati,13,SA,No,Unknown,1.428571429,235,2,Y,Hit object/ground,0.082142857,Sex,0.28,Manual,1
25.222,1288,Kwezi,13,SA,928,Bahati,13,SA,No,Unknown,1.428571429,235,2,Y,Object shake,0.473214286,Sex,2,Manual,1
25.222,1291,Kwezi,13,SA,928,Bahati,13,SA,No,Unknown,1.428571429,236,3,Y,Hit object/ground,0.082142857,Sex,0.4,Manual,1
25.222,1292,Kwezi,13,SA,928,Bahati,13,SA,No,Unknown,1.428571429,236,3,Y,Object shake,0.473214286,Sex,3,Manual,1
25.222,1290,Kwezi,13,SA,928,Bahati,13,SA,No,Unknown,1.428571429,236,3,Y,Stomp object/ground,0.042857143,Sex,0.28,Manual,1
27.67,1506,Zalu,12,SA,863,Unknown,NA,NA,NA,Unknown,1.428571429,237,1,N,Leaf clipping,0.0625,Sex,4.52,Manual,1
28.103,1601,Zig,11,SA,NA,Dingisha,15,A,No,Unknown,1.111111111,239,1,N,Leaf clipping,0.0625,Sex,7.28,Manual,1
30.201,1795,Pascal,10,SA,868,Bahati,13,SA,No,Unknown,1.111111111,240,1,N,Stomping object/ground,0.005357143,Sex,4,Manual,1
30.201,1796,Pascal,10,SA,868,Bahati,13,SA,No,Unknown,1.111111111,241,1,N,Stomping object/ground,0.005357143,Sex,1,Manual,1
30.209,1798,Nick,25+,A,1566,Anna,18,A,No,Unknown,1.111111111,243,3,Y,Object shake,0.473214286,Sex,2.12,Manual,1
30.209,1799,Nick,25+,A,1566,Anna,18,A,No,Unknown,1.111111111,243,3,Y,Object shake,0.473214286,Sex,5.68,Manual,1
30.209,1800,Nick,25+,A,1566,Anna,18,A,No,Unknown,1.111111111,243,3,Y,Object shake,0.473214286,Sex,4.4,Manual,1
36.222,2169,Kato,15,SA,973,Bahati,13,SA,No,Unknown,1,245,1,N,Hit object/ground,0.082142857,Sex,1.1,Manual,1
36.222,2170,Kato,15,SA,973,Bahati,13,SA,No,Unknown,1,246,1,N,Hit object/ground,0.082142857,Sex,2,Manual,1
36.222,2171,Kato,15,SA,973,Bahati,13,SA,No,Unknown,1,247,2,Y,Leaf clipping,0.0625,Sex,4.96,Manual,1
36.222,2172,Kato,15,SA,973,Bahati,13,SA,No,Unknown,1,247,2,Y,Object shake,0.473214286,Sex,1.96,Manual,1
36.222,2173,Kato,15,SA,973,Bahati,13,SA,No,Unknown,1,248,1,N,Object shake,0.473214286,Sex,2.52,Manual,1
36.222,N1,Kato,15,SA,973,Bahati,13,SA,No,Unknown,1,249,3,Y,Hit object/ground,0.082142857,Sex,0.4,Manual,1
36.222,2174,Kato,15,SA,973,Bahati,13,SA,No,Unknown,1,249,3,Y,Leaf clipping,0.0625,Sex,2.04,Manual,1
36.222,2175,Kato,15,SA,973,Bahati,13,SA,No,Unknown,1,249,3,Y,Object shake,0.473214286,Sex,2.08,Manual,1
37.11,2187,Nick,25+,A,1572,Bahati,13,SA,No,Unknown,1,251,2,Y,Leaf clipping,0.0625,Sex,7.32,Manual,1
37.11,2188,Nick,25+,A,1572,Bahati,13,SA,No,Unknown,1,251,2,Y,Object shake,0.473214286,Sex,0.76,Manual,1
37.11,2189,Nick,25+,A,1572,Bahati,13,SA,No,Unknown,1,252,1,N,Object shake,0.473214286,Sex,0.56,Manual,1
37.21,2197,Nick,25+,A,1572,Bahati,13,SA,No,Unknown,1,254,1,N,Leaf clipping,0.0625,Sex,8.56,Manual,1
42.135,2348,Hawa,15,SA,893,Nora,12,SA,No,Unknown,1,255,1,N,Leaf clipping,0.0625,Sex,3.48,Manual,1
42.105-1,2343,Zalu,13,SA,863,Nora,12,SA,No,Unknown,1,257,1,N,Leaf clipping,0.0625,Sex,10.52,Manual,1
42.105-1,N2,Zalu,13,SA,863,Nora,12,SA,No,Unknown,1,258,1,N,Leaf clipping,0.0625,Sex,3.24,Manual,1
45.101,2538,Hawa,15,SA,893,Nora,12,SA,No,Unknown,1,261,2,Y,Object shake,0.473214286,Sex,4.2,Manual,1
45.101,2539,Hawa,15,SA,893,Nora,12,SA,No,Unknown,1,261,2,Y,Object shake,0.473214286,Sex,1.24,Manual,1
45.157,2559,Hawa,15,SA,893,Juliet,18,A,No,Unknown,1,263,1,N,Object move,0.082142857,Sex,0.96,Manual,1
52.311,2807,Kato,15,SA,970,Juliet,18,A,No,Unknown,1,269,5,Y,Leaf clipping,0.0625,Sex,5.16,Manual,1
52.311,2808,Kato,15,SA,970,Juliet,18,A,No,Unknown,1,269,5,Y,Leaf clipping,0.0625,Sex,4.48,Manual,1
52.311,2809,Kato,15,SA,970,Juliet,18,A,No,Unknown,1,269,5,Y,Leaf clipping,0.0625,Sex,8.8,Manual,1
52.311,2810,Kato,15,SA,970,Juliet,18,A,No,Unknown,1,269,5,Y,Leaf clipping,0.0625,Sex,3.48,Manual,1
52.311,2811,Kato,15,SA,970,Juliet,18,A,No,Unknown,1,269,5,Y,Leaf clipping,0.0625,Sex,6.76,Manual,1
52.311,2812,Kato,15,SA,970,Juliet,18,A,No,Unknown,1,270,1,N,Object shake,0.473214286,Sex,1.76,Manual,1
52.311,2813,Kato,15,SA,970,Juliet,18,A,No,Unknown,1,271,1,N,Leaf clipping,0.0625,Sex,2,Manual,1
52.311,2814,Kato,15,SA,970,Juliet,18,A,No,Unknown,1,272,1,N,Object shake,0.473214286,Sex,0.72,Manual,1
52.311,2815,Kato,15,SA,970,Juliet,18,A,No,Unknown,1,273,1,N,Leaf clipping,0.0625,Sex,1.56,Manual,1
53.143,2869,Pascal,10,SA,868,Nora,12,SA,No,Unknown,0.888888889,276,1,N,Object move,0.082142857,Sex,0.52,Manual,1
53.143,2870,Pascal,10,SA,868,Nora,12,SA,No,Unknown,0.888888889,277,1,N,Object move,0.082142857,Sex,1.92,Manual,1
65.151,3507,Kato,15,SA,1053,Harriet,25+,A,Yes,Unknown,1.125,289,1,N,Object shake,0.473214286,Sex,1.28,Manual,1
65.151,3508,Kato,15,SA,1053,Harriet,25+,A,Yes,Unknown,1.125,290,1,N,Object shake,0.473214286,Sex,0.64,Manual,1
69.33,3653,Zefa,25+,A,1140,Rachel,12,SA,No,Unknown,0.888888889,295,2,Y,Object shake,0.473214286,Sex,0.32,Manual,1
69.33,3652,Zefa,25+,A,1140,Rachel,12,SA,No,Unknown,0.888888889,295,2,Y,Stomp object/ground,0.042857143,Sex,0.6,Manual,1
69.104,3663,Kwezi,14,SA,926,Rachel,12,SA,No,Unknown,0.888888889,297,2,Y,Leaf clipping,0.0625,Sex,5.04,Manual,1
69.104,3664,Kwezi,14,SA,926,Rachel,12,SA,No,Unknown,0.888888889,297,2,Y,Object shake,0.473214286,Sex,0.68,Manual,1
69.104,3665,Kwezi,14,SA,926,Rachel,12,SA,No,Unknown,0.888888889,298,1,N,Object shake,0.473214286,Sex,2.36,Manual,1
69.104,3666,Kwezi,14,SA,926,Rachel,12,SA,No,Unknown,0.888888889,299,1,N,Leaf clipping,0.0625,Sex,9.6,Manual,1
M14.52,4359,Zalu,13,SA,863,Nora,12,SA,No,Unknown,0.888888889,303,1,N,Leaf clipping,0.0625,Sex,13.24,Manual,1
M6.24,4267,Nick,25+,A,1599,Nambi,25+,A,Yes,Unknown,1,309,1,N,Object shake,0.473214286,Consortship,1.16,Manual,1
M6.24,4268,Nick,25+,A,1599,Nambi,25+,A,Yes,Unknown,1,310,1,N,Object shake,0.473214286,Consortship,4.88,Manual,1
M6.24,4269,Nick,25+,A,1599,Nambi,25+,A,Yes,Unknown,1,311,2,Y,Object move,0.082142857,Consortship,1.08,Manual,1
M6.24,4269,Nick,25+,A,1599,Nambi,25+,A,Yes,Unknown,1,311,2,Y,Object move,0.082142857,Consortship,0.56,Manual,1
M6.31,4271,Nick,25+,A,1599,Nambi,25+,A,Yes,Unknown,1,312,1,N,Object move,0.082142857,Consortship,1.64,Manual,1
M6.31,4272,Nick,25+,A,1599,Nambi,25+,A,Yes,Unknown,1,313,1,N,Object shake,0.473214286,Consortship,1.52,Manual,1
M6.35,4273,Nick,25+,A,1599,Nambi,25+,A,Yes,Unknown,1,314,1,N,Object shake,0.473214286,Consortship,4.32,Manual,1
M6.35,4274,Nick,25+,A,1599,Nambi,25+,A,Yes,Unknown,1,315,1,N,Object shake,0.473214286,Consortship,1.56,Manual,1
Budongo 2011-02-07 Clip 45 13;53;10,400,Nick,25+,A,1626,Zimba,25+,A,Yes,Unknown,1.3,321,1,N,Object shake,0.473214286,AAA,0.68,Manual,1
Budongo 2011-02-15 Clip 46 13;40;12,520,Hawa,18,A,942,Nambi,25+,A,Yes,Unknown,1.3,324,1,N,Object shake,0.473214286,Sex,2.32,Manual,1
Budongo 2011-02-24 Clip 1 12;46;20,440,Musa,19,A,1003,Beatrice,25+,A,Yes,Unknown,1.3,325,1,N,Object shake,0.473214286,Sex,2.28,Manual,1
Budongo 2011-02-24 Clip 1 12;46;20,442,Musa,19,A,1003,Beatrice,25+,A,Yes,Unknown,1.3,326,2,Y,Hit object/ground,0.082142857,Sex,0.36,Manual,1
Budongo 2011-02-24 Clip 1 12;46;20,441,Musa,19,A,1003,Beatrice,25+,A,Yes,Unknown,1.3,326,2,Y,Object move,0.082142857,Sex,3.68,Manual,1
Budongo 2011-02-24 Clip 1 12;46;20,443,Musa,19,A,1003,Beatrice,25+,A,Yes,Unknown,1.3,327,2,Y,Object move,0.082142857,Sex,1.16,Manual,1
Budongo 2011-02-24 Clip 1 12;46;20,444,Musa,19,A,1003,Beatrice,25+,A,Yes,Unknown,1.3,327,2,Y,Object move,0.082142857,Sex,4.8,Manual,1
Budongo 2011-08-26 Clip 2 11;33;05,805,Fred,17,A,885,Kana,12,SA,No,Unknown,1.6,329,1,N,Object shake,0.473214286,Sex,2.12,Manual,1
Budongo 2011-08-31 Clip 19 11;59;59,835,Zalu,16,A,716,Kumi,12,SA,No,Unknown,1.6,330,1,N,Reach: palm,0.005357143,AAA,1.48,Manual,1
Budongo 2012-06-21 Clip 2-1 08;25;56,864,Fred,18,A,884,Kutu,25+,A,Yes,Unknown,1.5,332,2,Y,Present: genitals forwards,0.046428571,Sex,0.88,Body,2
Budongo 2012-06-21 Clip 2-1 08;25;56,865,Fred,18,A,884,Kutu,25+,A,Yes,Unknown,1.5,332,2,Y,Rocking: sitting,0.025,Sex,3.68,Body,2
Budongo 2012-06-26 Clip 11-1 13;41;38,1002,Nick,25+,A,1633,Kutu,25+,A,Yes,Yes,1.5,334,5,Y,Drum,0.003571429,AAA,0.32,Manual,1
Budongo 2012-06-26 Clip 11-1 13;41;38,1003,Nick,25+,A,1633,Kutu,25+,A,Yes,Yes,1.5,334,5,Y,Drum,0.003571429,AAA,0.08,Manual,1
Budongo 2012-06-26 Clip 11-1 13;41;38,1000,Nick,25+,A,1633,Kutu,25+,A,Yes,Yes,1.5,334,5,Y,Object move,0.082142857,AAA,2.76,Manual,1
Budongo 2012-06-26 Clip 11-1 13;41;38,1001,Nick,25+,A,1633,Kutu,25+,A,Yes,Yes,1.5,334,5,Y,Object move,0.082142857,AAA,2,Manual,1
Budongo 2012-06-26 Clip 11-1 13;41;38,1004,Nick,25+,A,1633,Kutu,25+,A,Yes,Yes,1.5,334,5,Y,Object shake,0.473214286,AAA,3.36,Manual,1
Budongo 2012-06-27 Clip 11 10;41;10,1021,Nick,25+,A,1633,Kutu,25+,A,Yes,Yes,1.5,335,1,N,Object shake,0.473214286,AAA,1.44,Manual,1
Budongo 2012-06-27 Clip 15 11;36;49,1031,Nick,25+,A,1633,Kutu,25+,A,Yes,Yes,1.5,336,1,N,Object shake,0.473214286,AAA,5,Manual,1
Budongo 2012-06-27 Clip 15 11;36;49,1032,Nick,25+,A,1633,Kutu,25+,A,Yes,Yes,1.5,337,1,N,Object shake,0.473214286,AAA,4.12,Manual,1
Budongo 2012-06-27 Clip 15 11;36;49,1033,Nick,25+,A,1633,Kutu,25+,A,Yes,Yes,1.5,338,2,Y,Object shake,0.473214286,AAA,6.88,Manual,1
Budongo 2012-06-27 Clip 15 11;36;49,1034,Nick,25+,A,1633,Kutu,25+,A,Yes,Yes,1.5,338,2,Y,Object shake,0.473214286,AAA,3.84,Manual,1
Budongo 2012-06-27 Clip 15 11;36;49,1035,Nick,25+,A,1633,Kutu,25+,A,Yes,Yes,1.5,339,1,N,Object shake,0.473214286,AAA,5.08,Manual,1
Budongo 2012-06-27 Clip 15 11;36;49,1036,Nick,25+,A,1633,Kutu,25+,A,Yes,Yes,1.5,340,2,Y,Object shake,0.473214286,AAA,10.44,Manual,1
Budongo 2012-06-27 Clip 15 11;36;49,1037,Nick,25+,A,1633,Kutu,25+,A,Yes,Yes,1.5,340,2,Y,Object shake,0.473214286,AAA,6.96,Manual,1
Budongo 2012-06-27 Clip 16 11;39;02,1039,Nick,25+,A,1633,Kutu,25+,A,Yes,Yes,1.5,341,2,Y,Hit object/ground,0.082142857,AAA,0.44,Manual,1
Budongo 2012-06-27 Clip 16 11;39;02,1038,Nick,25+,A,1633,Kutu,25+,A,Yes,Yes,1.5,341,2,Y,Object shake,0.473214286,AAA,6.16,Manual,1
Budongo 2012-07-09 Clip 2 08;35;13,1120,Kwezi,17,A,880,Katia,13,SA,No,Unknown,1.272727273,343,1,N,Rocking: sitting,0.025,AAA,1.04,Body,2
Budongo 2012-07-09 Clip 22 10;59;49,1135,Musa,20,A,1041,Katia,13,SA,No,Unknown,1.272727273,345,1,N,Object move,0.082142857,Sex,0.44,Manual,1
Budongo 2012-07-09 Clip 22 10;59;49,1137,Musa,20,A,1041,Katia,13,SA,No,Unknown,1.272727273,346,2,Y,Hit object/ground,0.082142857,Sex,0.04,Manual,1
Budongo 2012-07-09 Clip 22 10;59;49,1136,Musa,20,A,1041,Katia,13,SA,No,Unknown,1.272727273,346,2,Y,Hit object/ground,0.082142857,Sex,0.32,Manual,1
Budongo 2012-07-09 Clip 22 10;59;49,1138,Musa,20,A,1041,Katia,13,SA,No,Unknown,1.272727273,347,1,N,Object move,0.082142857,Sex,0.68,Manual,1
Budongo 2012-07-09 Clip 22 10;59;49,1139,Musa,20,A,1041,Katia,13,SA,No,Unknown,1.272727273,348,1,N,Hit object/ground,0.082142857,Sex,0.16,Manual,1
Budongo 2012-07-09 Clip 22 10;59;49,1140,Musa,20,A,1041,Katia,13,SA,No,Unknown,1.272727273,349,1,N,Object move,0.082142857,Sex,0.8,Manual,1
Budongo 2012-07-09 Clip 22 10;59;49,1141,Musa,20,A,1041,Katia,13,SA,No,Unknown,1.272727273,350,1,N,Hit object/ground,0.082142857,Sex,0.12,Manual,1
Budongo 2012-07-09 Clip 22 10;59;49,1142,Musa,20,A,1041,Katia,13,SA,No,Unknown,1.272727273,351,1,N,Object move,0.082142857,Sex,1,Manual,1
Budongo 2012-07-09 Clip 22 10;59;49,1143,Musa,20,A,1041,Katia,13,SA,No,Unknown,1.272727273,352,1,N,Hit object/ground,0.082142857,Sex,0.12,Manual,1
Budongo 2012-07-09 Clip 22 10;59;49,1144,Musa,20,A,1041,Katia,13,SA,No,Unknown,1.272727273,353,1,N,Object move,0.082142857,Sex,0.52,Manual,1
Budongo 2012-07-09 Clip 22 10;59;49,1145,Musa,20,A,1041,Katia,13,SA,No,Unknown,1.272727273,354,1,N,Object move,0.082142857,Sex,0.56,Manual,1
Budongo 2012-07-09 Clip 23 11;02;32,1148,Musa,20,A,1041,Katia,13,SA,No,Unknown,1.272727273,355,5,Y,Hit object/ground,0.082142857,Sex,0.04,Manual,1
Budongo 2012-07-09 Clip 23 11;02;32,1149,Musa,20,A,1041,Katia,13,SA,No,Unknown,1.272727273,355,5,Y,Hit object/ground,0.082142857,Sex,0.08,Manual,1
Budongo 2012-07-09 Clip 23 11;02;32,1150,Musa,20,A,1041,Katia,13,SA,No,Unknown,1.272727273,355,5,Y,Hit object/ground,0.082142857,Sex,0.2,Manual,1
Budongo 2012-07-09 Clip 23 11;02;32,1147,Musa,20,A,1041,Katia,13,SA,No,Unknown,1.272727273,355,5,Y,Object move,0.082142857,Sex,1.6,Manual,1
Budongo 2012-07-09 Clip 3 08;52;51,1122,Kwezi,17,A,880,Katia,13,SA,No,Unknown,1.272727273,357,2,Y,Rocking: sitting,0.025,AAA,1.16,Body,2
Budongo 2012-07-09 Clip 3 08;52;51,1123,Kwezi,17,A,880,Katia,13,SA,No,Unknown,1.272727273,357,2,Y,Thrust,0.005357143,AAA,4.68,Body,2
Budongo 2012-07-14 Clip 13 11;38;31,1169,Kwezi,17,A,880,Katia,13,SA,No,Unknown,1.272727273,359,3,Y,Object shake,0.473214286,AAA,1.2,Manual,1
Budongo 2012-07-14 Clip 13 11;38;31,1168,Kwezi,17,A,880,Katia,13,SA,No,Unknown,1.272727273,359,3,Y,Rocking: sitting,0.025,AAA,5.12,Body,2
Budongo 2012-07-14 Clip 13 11;38;31,1170,Kwezi,17,A,880,Katia,13,SA,No,Unknown,1.272727273,359,3,Y,Thrust,0.005357143,AAA,1.4,Body,2
Budongo 2012-07-14 Clip 18 11;51;40,1172,Zalu,17,A,884,Katia,13,SA,No,Unknown,1.272727273,360,1,N,Present: genitals forwards,0.046428571,Sex,0.92,Body,2
Budongo 2012-07-14 Clip 18 11;51;40,1173,Zalu,17,A,884,Katia,13,SA,No,Unknown,1.272727273,361,1,N,Thrust,0.005357143,Sex,0.6,Body,2
Budongo 2012-07-21 Clip 1 07;45;43,1217,Nick,25+,A,1633,Kwera,25+,A,Yes,Unknown,1.272727273,362,2,Y,Reach: palm,0.005357143,AAA,0.48,Manual,1
Budongo 2012-07-21 Clip 1 07;45;43,1216,Nick,25+,A,1633,Kwera,25+,A,Yes,Unknown,1.272727273,362,2,Y,Stomp object/ground,0.042857143,AAA,0.16,Manual,1
Budongo 2012-07-21 Clip 1 07;45;43,1218,Nick,25+,A,1633,Kwera,25+,A,Yes,Unknown,1.272727273,363,1,N,Reach: palm,0.005357143,AAA,1.04,Manual,1
Budongo 2012-07-21 Clip 2 07;48;01,1219,Nick,25+,A,1633,Kwera,25+,A,Yes,Unknown,1.272727273,364,1,N,Rocking: sitting,0.025,Sex,1.56,Body,2
Budongo 2012-07-21 Clip 2 07;48;01,1221,Nick,25+,A,1633,Kwera,25+,A,Yes,Unknown,1.272727273,365,1,N,Reach: wrist,0.003571429,Sex,2.8,Manual,1
Budongo 2012-07-21 Clip 27 12;08;11,1282,Nick,25+,A,1633,Kwera,25+,A,Yes,Unknown,1.272727273,366,1,N,Object shake,0.473214286,Consortship,1.32,Manual,1
Budongo 2012-07-21 Clip 27 12;08;11,1283,Nick,25+,A,1633,Kwera,25+,A,Yes,Unknown,1.272727273,367,1,N,Object shake,0.473214286,Consortship,2.8,Manual,1
"BudongoBF 2012-07-09 11;26;54 SQ (KA) (KZ, KY, KX, ZG)",110,Squibs,21,A,780,Katia,13,SA,No,Unknown,1.272727273,369,2,Y,Big Loud Scratch,0.023214286,Sex,5.2,Manual,1
"BudongoBF 2012-07-09 11;26;54 SQ (KA) (KZ, KY, KX, ZG)",110,Squibs,21,A,780,Katia,13,SA,No,Unknown,1.272727273,369,2,Y,Object shake,0.473214286,Sex,1.64,Manual,1
"BudongoBF 2012-07-09 11;26;54 SQ (KA) (KZ, KY, KX, ZG)",110,Squibs,21,A,780,Katia,13,SA,No,Unknown,1.272727273,370,1,N,Present: genitals forwards,0.046428571,Sex,0.8,Body,2
BudongoBF 2012-10-17 Clip 38 15;13;37 KT KA,80,Kato,19,A,1097,Katia,13,SA,No,Unknown,1.272727273,371,1,N,Object shake,0.473214286,Sex,2.92,Manual,1
BudongoBF 2012-10-17 Clip 38 15;13;37 KT KA,80,Kato,19,A,1097,Katia,13,SA,No,Unknown,1.272727273,372,1,N,Object shake,0.473214286,Sex,0.72,Manual,1
BudongoBF 2012-10-17 Clip 38 15;13;37 KT KA,80,Kato,19,A,1097,Katia,13,SA,No,Unknown,1.272727273,373,1,N,Object shake,0.473214286,Sex,1.92,Manual,1
BudongoBF 2012-10-17 Clip 38 15;13;37 KT KA,80,Kato,19,A,1097,Katia,13,SA,No,Unknown,1.272727273,374,1,N,Object shake,0.473214286,Sex,0.88,Manual,1
BudongoBF 2012-10-17 Clip 38 15;13;37 KT KA,80,Kato,19,A,1097,Katia,13,SA,No,Unknown,1.272727273,375,1,N,Object shake,0.473214286,Sex,1.28,Manual,1
BudongoBF 2012-10-17 Clip 38 15;13;37 KT KA,80,Kato,19,A,1097,Katia,13,SA,No,Unknown,1.272727273,376,1,N,Object shake,0.473214286,Sex,0.92,Manual,1
BudongoBF 2012-10-17 Clip 38 15;13;37 KT KA,80,Kato,19,A,1097,Katia,13,SA,No,Unknown,1.272727273,377,1,N,Object shake,0.473214286,Sex,1.12,Manual,1
BudongoBF 2012-10-17 Clip 38 15;13;37 KT KA,80,Kato,19,A,1097,Katia,13,SA,No,Unknown,1.272727273,378,1,N,Object shake,0.473214286,Sex,1.32,Manual,1
BudongoBF 2012-10-17 Clip 38 15;13;37 KT KA,80,Kato,19,A,1097,Katia,13,SA,No,Unknown,1.272727273,379,1,N,Object shake,0.473214286,Sex,1.2,Manual,1
BudongoBF 2012-11-25 Clip 38 11;32;19 KT KA,85,Kato,19,A,1092,Katia,13,SA,No,Unknown,1.272727273,382,3,Y,Big Loud Scratch,0.023214286,AAA,2.84,Manual,1
BudongoBF 2012-11-25 Clip 38 11;32;19 KT KA,85,Kato,19,A,1092,Katia,13,SA,No,Unknown,1.272727273,382,3,Y,Object shake,0.473214286,AAA,1.84,Manual,1
BudongoBF 2012-11-25 Clip 44 12;56;58 KT KA (SM FK SQ PS KN),86,Kato,19,A,1092,Katia,13,SA,No,Unknown,1.272727273,384,1,N,Object shake,0.473214286,Sex,1.08,Manual,1
BudongoBF 2012-12-18 Clip 5 09;40;25 KT RH Consortship,61,Kato,19,A,1092,Ruhara,25+,A,Yes,Unknown,1.272727273,387,1,N,Leaf clipping,0.0625,Consortship,6.04,Manual,1
BudongoBF 2012-12-18 Clip 5 09;40;25 KT RH Consortship,61,Kato,19,A,1092,Ruhara,25+,A,Yes,Unknown,1.272727273,388,1,N,Leaf clipping,0.0625,Consortship,4,Manual,1
BudongoBF 2012-12-18 Clip 5 09;40;25 KT RH Consortship,61,Kato,19,A,1092,Ruhara,25+,A,Yes,Unknown,1.272727273,389,1,N,Object shake,0.473214286,Consortship,0.68,Manual,1
BudongoBF 2012-12-18 Clip 5 09;40;25 KT RH Consortship,61,Kato,19,A,1092,Ruhara,25+,A,Yes,Unknown,1.272727273,390,1,N,Object shake,0.473214286,Consortship,0.64,Manual,1
BudongoBF 2012-12-18 Clip 5 09;40;25 KT RH Consortship,61,Kato,19,A,1092,Ruhara,25+,A,Yes,Unknown,1.272727273,391,1,N,Object shake,0.473214286,Consortship,0.76,Manual,1
BudongoBF 2012-12-18 Clip 5 09;40;25 KT RH Consortship,61,Kato,19,A,1092,Ruhara,25+,A,Yes,Unknown,1.272727273,392,1,N,Object shake,0.473214286,Consortship,0.88,Manual,1
BudongoBF 2012-12-18 Clip 5 09;40;25 KT RH Consortship,61,Kato,19,A,1092,Ruhara,25+,A,Yes,Unknown,1.272727273,393,1,N,Object shake,0.473214286,Consortship,0.68,Manual,1
BudongoBF 2012-12-18 Clip 6 09;45;21 KT RH Consortship,61,Kato,19,A,1092,Ruhara,25+,A,Yes,Unknown,1.272727273,395,1,N,Leaf clipping,0.0625,Consortship,3.2,Manual,1
BudongoBF 2012-12-18 Clip 7 09;46;05 KT RH consortship (FK) (PS barks),61,Kato,19,A,1092,Ruhara,25+,A,Yes,Unknown,1.272727273,398,1,N,Leaf clipping,0.0625,Consortship,2.84,Manual,1
BudongoBF 2012-12-18 Clip 7 09;46;05 KT RH consortship (FK) (PS barks),61,Kato,19,A,1092,Ruhara,25+,A,Yes,Unknown,1.272727273,399,1,N,Hit object/ground,0.082142857,Consortship,0.48,Manual,1
BudongoBF 2012-12-18 Clip 7 09;46;05 KT RH consortship (FK) (PS barks),61,Kato,19,A,1092,Ruhara,25+,A,Yes,Unknown,1.272727273,400,3,Y,Big Loud Scratch,0.023214286,Consortship,3.16,Manual,1
BudongoBF 2012-12-18 Clip 7 09;46;05 KT RH consortship (FK) (PS barks),61,Kato,19,A,1092,Ruhara,25+,A,Yes,Unknown,1.272727273,400,3,Y,Leaf clipping,0.0625,Consortship,5.28,Manual,1
BudongoBF 2012-12-18 Clip 7 09;46;05 KT RH consortship (FK) (PS barks),61,Kato,19,A,1092,Ruhara,25+,A,Yes,Unknown,1.272727273,400,3,Y,Leaf clipping,0.0625,Consortship,2.88,Manual,1
BudongoBF 2012-12-18 Clip 10 09;52;35 MS RH copulate KT RH Consortship ,62,Musa,20,A,1037,Ruhara,25+,A,Yes,Unknown,1.272727273,402,2,Y,Object shake,0.473214286,Consortship,1.64,Manual,1
BudongoBF 2012-12-18 Clip 10 09;52;35 MS RH copulate KT RH Consortship ,62,Musa,20,A,1037,Ruhara,25+,A,Yes,Unknown,1.272727273,402,2,Y,Present: genitals forwards,0.046428571,Consortship,0.52,Body,2
BudongoBF 2013-01-10 Clip 63 15;20;59 KT KY KX,88,Kato,19,A,1092,Kewaya,25+,A,Yes,Unknown,1.272727273,404,2,Y,Object shake,0.473214286,Sex,2.08,Manual,1
BudongoBF 2013-01-10 Clip 63 15;20;59 KT KY KX,88,Kato,19,A,1092,Kewaya,25+,A,Yes,Unknown,1.272727273,404,2,Y,Stomp object/ground,0.042857143,Sex,0.48,Manual,1
BudongoBF 2013-01-15 Clip 1 08;30;40 NK JN JM,1,Nick,25+,A,1669,Janie,25+,A,Yes,Unknown,1.272727273,405,1,N,Stomp object/ground,0.042857143,Sex,0.32,Manual,1
BudongoBF 2013-01-15 Clip 1 08;30;40 NK JN JM,1,Nick,25+,A,1669,Janie,25+,A,Yes,Unknown,1.272727273,406,1,N,Stomp object/ground,0.042857143,Sex,0.2,Manual,1
BudongoBF 2013-01-15 Clip 1 08;30;40 NK JN JM,1,Nick,25+,A,1669,Janie,25+,A,Yes,Unknown,1.272727273,407,2,Y,Hit object/ground,0.082142857,Sex,0.76,Manual,1
BudongoBF 2013-01-15 Clip 1 08;30;40 NK JN JM,1,Nick,25+,A,1669,Janie,25+,A,Yes,Unknown,1.272727273,407,2,Y,Stomp object/ground,0.042857143,Sex,0.24,Manual,1
BudongoBF 2013-01-15 Clip 4 08;35;24 KL SM,3,Simon,20,A,830,Kalema,25+,A,Yes,Unknown,1.272727273,408,1,N,Object shake,0.473214286,AAA,1.24,Manual,1
BudongoBF 2013-01-15 Clip 5 08;36;36 SM AN,4,Simon,20,A,830,Anna,23,A,No,Unknown,1.272727273,409,1,N,Present: genitals forwards,0.046428571,Sex,1,Body,2
BudongoBF 2013-01-15 Clip 8 08;50;44 ZD AN,6,Zed,11,SA,957,Anna,23,A,No,Unknown,1.272727273,410,1,N,Big Loud Scratch,0.023214286,Sex,1.36,Manual,1
BudongoBF 2013-01-15 Clip 8 08;50;44 ZD AN,6,Zed,11,SA,957,Anna,23,A,No,Unknown,1.272727273,411,1,N,Present: genitals forwards,0.046428571,Sex,1.04,Body,2
BudongoBF 2013-01-15 Clip 14 09;08;53 KZ OK,10,Kwezi,18,A,878,Oakland,17,A,Yes,Yes,1.272727273,412,2,Y,Object shake,0.473214286,Sex,1.12,Manual,1
BudongoBF 2013-01-15 Clip 14 09;08;53 KZ OK,10,Kwezi,18,A,878,Oakland,17,A,Yes,Yes,1.272727273,412,2,Y,Present: genitals forwards,0.046428571,Sex,0.84,Body,2
BudongoBF 2013-01-15 Clip 15 09;39;50 FK OK (RH NK),11,Frank,14,SA,899,Oakland,17,A,Yes,Yes,1.272727273,413,1,N,Big Loud Scratch,0.023214286,Sex,1.16,Manual,1
BudongoBF 2013-01-15 Clip 15 09;39;50 FK OK (RH NK),11,Frank,14,SA,899,Oakland,17,A,Yes,Yes,1.272727273,414,1,N,Object shake,0.473214286,Sex,0.8,Manual,1
BudongoBF 2013-01-15 Clip 15 09;39;50 FK OK (RH NK),11,Frank,14,SA,899,Oakland,17,A,Yes,Yes,1.272727273,415,1,N,Present: genitals forwards,0.046428571,Sex,1.04,Body,2
BudongoBF 2013-01-15 Clip 15 09;39;50 FK OK (RH NK),11,Frank,14,SA,899,Oakland,17,A,Yes,Yes,1.272727273,416,2,Y,Big Loud Scratch,0.023214286,Sex,1.84,Manual,1
BudongoBF 2013-01-15 Clip 15 09;39;50 FK OK (RH NK),11,Frank,14,SA,899,Oakland,17,A,Yes,Yes,1.272727273,416,2,Y,Object shake,0.473214286,Sex,3.32,Manual,1
BudongoBF 2013-01-15 Clip 29 13;54;04 ZL JN (NB),16,Zalu,17,A,884,Janie,25+,A,Yes,Unknown,1.272727273,418,1,N,Present: genitals forwards,0.046428571,Sex,1.24,Body,2
BudongoBF 2013-01-15 Clip 29 13;54;04 ZL JN (NB),16,Zalu,17,A,884,Janie,25+,A,Yes,Unknown,1.272727273,419,1,N,Present: genitals forwards,0.046428571,Sex,1.44,Body,2
BudongoBF 2013-01-15 Clip 29 13;54;04 ZL JN (NB),16,Zalu,17,A,884,Janie,25+,A,Yes,Unknown,1.272727273,420,2,Y,Hit object/ground,0.082142857,Sex,0.44,Manual,1
BudongoBF 2013-01-15 Clip 29 13;54;04 ZL JN (NB),16,Zalu,17,A,884,Janie,25+,A,Yes,Unknown,1.272727273,421,2,Y,Object shake,0.473214286,Sex,1.04,Manual,1
BudongoBF 2013-01-15 Clip 31 14;09;08 FD JN JM (NB ZL SM NK RH RS),17,Fred,19,A,844,Janie,25+,A,Yes,Unknown,1.272727273,423,2,Y,Object shake,0.473214286,Sex,2.88,Manual,1
BudongoBF 2013-03-01 Clip 1 08;04;1 SQ KY,117,Squibs,22,A,780,Kewaya,25+,A,Yes,Unknown,1.090909091,432,1,N,Object shake,0.473214286,AAA,1.6,Manual,1
BudongoBF 2013-03-01 Clip 1 08;04;1 SQ KY,117,Squibs,22,A,780,Kewaya,25+,A,Yes,Unknown,1.090909091,433,1,N,Object shake,0.473214286,AAA,2.36,Manual,1
BudongoBF 2013-03-01 Clip 1 08;04;1 SQ KY,117,Squibs,22,A,780,Kewaya,25+,A,Yes,Unknown,1.090909091,434,2,Y,Object shake,0.473214286,AAA,3,Manual,1
BudongoBF 2013-03-01 Clip 1 08;04;1 SQ KY,117,Squibs,22,A,780,Kewaya,25+,A,Yes,Unknown,1.090909091,434,2,Y,Object shake,0.473214286,AAA,6.36,Manual,1
BudongoBF 2013-03-04 Clip 5 08;39;36 KT HT consortship,68,Kato,19,A,1092,Harriet,25+,A,Yes,Yes,1.090909091,436,1,N,Object shake,0.473214286,Consortship,1.56,Manual,1
BudongoBF 2013-03-04 Clip 5 08;39;36 KT HT consortship,68,Kato,19,A,1092,Harriet,25+,A,Yes,Yes,1.090909091,437,1,N,Object shake,0.473214286,Consortship,1.44,Manual,1
BudongoBF 2013-03-04 Clip 14 08;46;54 KT HT consortship (KU),75,Kato,19,A,1092,Harriet,25+,A,Yes,Yes,1.090909091,438,1,N,Object shake,0.473214286,Consortship,1.88,Manual,1
BudongoBF 2013-03-04 Clip 15 08;46;54 KT HT consortship (KU),76,Kato,19,A,1092,Harriet,25+,A,Yes,Yes,1.090909091,440,1,N,Leaf clipping,0.0625,Consortship,7.08,Manual,1
BudongoBF 2013-03-04 Clip 15 08;46;54 KT HT consortship (KU),76,Kato,19,A,1092,Harriet,25+,A,Yes,Yes,1.090909091,441,1,N,Leaf clipping,0.0625,Consortship,7.48,Manual,1
BudongoBF 2013-03-04 Clip 15 08;46;54 KT HT consortship (KU),76,Kato,19,A,1092,Harriet,25+,A,Yes,Yes,1.090909091,442,1,N,Object shake,0.473214286,Consortship,1.84,Manual,1
BudongoBF 2013-03-04 Clip 15 08;46;54 KT HT consortship (KU),76,Kato,19,A,1092,Harriet,25+,A,Yes,Yes,1.090909091,443,1,N,Object shake,0.473214286,Consortship,1.2,Manual,1
BudongoBF 2013-03-04 Clip 15 08;46;54 KT HT consortship (KU),76,Kato,19,A,1092,Harriet,25+,A,Yes,Yes,1.090909091,444,2,Y,Leaf clipping,0.0625,Consortship,8.52,Manual,1
BudongoBF 2013-03-04 Clip 15 08;46;54 KT HT consortship (KU),76,Kato,19,A,1092,Harriet,25+,A,Yes,Yes,1.090909091,444,2,Y,Leaf clipping,0.0625,Consortship,4.36,Manual,1
"BudongoBF 2013-10-17 Clip 15 12;29;41 SM UP solicit, interrupt by NK ZF ",27,Simon,20,A,941,Upesi,14,SA,No,Unknown,1.083333333,445,1,N,Big Loud Scratch,0.023214286,Sex,4.12,Manual,1
"BudongoBF 2013-10-17 Clip 15 12;29;41 SM UP solicit, interrupt by NK ZF ",27,Simon,20,A,941,Upesi,14,SA,No,Unknown,1.083333333,446,2,Y,Object shake,0.473214286,Sex,1.12,Manual,1
"BudongoBF 2013-10-17 Clip 15 12;29;41 SM UP solicit, interrupt by NK ZF ",27,Simon,20,A,941,Upesi,14,SA,No,Unknown,1.083333333,446,2,Y,Stomp object/ground,0.042857143,Sex,0.52,Manual,1
BudongoBF 2013-11-02 Clip 23 09;27;32 KT KA solicit,37,Kato,20,A,1092,Katia,14,SA,No,Unknown,1.25,453,1,N,Big Loud Scratch,0.023214286,Sex,1.92,Manual,1
BudongoBF 2013-11-02 Clip 24 09;28;58 KT KA solicit,37,Kato,20,A,1092,Katia,14,SA,No,Unknown,1.25,454,1,N,Object shake,0.473214286,Sex,4.88,Manual,1
BudongoBF 2013-11-02 Clip 24 09;28;58 KT KA solicit,37,Kato,20,A,1092,Katia,14,SA,No,Unknown,1.25,455,1,N,Object shake,0.473214286,Sex,1.36,Manual,1
BudongoBF 2013-11-02 Clip 26 09;28;58 MS KA aggress solicit,596,Musa,21,A,1319,Katia,14,SA,No,Unknown,1.25,457,1,N,Hit object/ground,0.082142857,AAA,1.4,Manual,1
BudongoBF 2013-11-02 Clip 33 11;52;10 ZD KA copulate ,601,Zed,12,SA,812,Katia,14,SA,No,Unknown,1.25,460,1,N,Raise arm,0.016071429,Sex,1.2,Manual,1
BudongoBF 2013-11-02 Clip 36 13;07;43 KA FD copulate,604,Fred,19,A,844,Katia,14,SA,No,Unknown,1.25,464,2,Y,Present: genitals forwards,0.046428571,Sex,4.24,Body,2
BudongoBF 2013-11-02 Clip 36 13;07;43 KA FD copulate,604,Fred,19,A,844,Katia,14,SA,No,Unknown,1.25,464,2,Y,Rocking: sitting,0.025,Sex,2.17,Body,2
BudongoBF 2013-11-02 Clip 23 09;27;32 KT KA solicit,92,Kato,20,A,1092,Katia,14,SA,No,Unknown,1.25,465,1,N,Big Loud Scratch,0.023214286,Sex,1.6,Manual,1
BudongoBF 2013-11-02 Clip 23 09;27;32 KT KA solicit,702,Kato,20,A,1092,Katia,14,SA,No,Unknown,1.25,466,1,N,Object shake,0.473214286,AAA,2,Manual,1
BudongoBF 2013-11-03 Clip 10 08;01;22 NK KA,621,Nick,25+,A,1473,Katia,14,SA,No,Unknown,1.25,470,1,N,Object shake,0.473214286,AAA,0.36,Manual,1
BudongoBF 2013-11-04 Clip 1 07;42;21 KL FD copulate KC,635,Fred,19,A,844,Kalema,25+,A,Yes,Unknown,1.25,480,2,Y,Present: genitals forwards,0.046428571,Sex,0.84,Body,2
BudongoBF 2013-11-04 Clip 1 07;42;21 KL FD copulate KC,635,Fred,19,A,844,Kalema,25+,A,Yes,Unknown,1.25,480,2,Y,Raise arm,0.016071429,Sex,0.32,Manual,1
BudongoBF 2013-11-04 Clip 6 07;51;52 SM KL copulate,640,Simon,20,A,941,Kalema,25+,A,Yes,Unknown,1.25,485,2,Y,Present: genitals forwards,0.046428571,Sex,0.92,Body,2
BudongoBF 2013-11-04 Clip 6 07;51;52 SM KL copulate,640,Simon,20,A,941,Kalema,25+,A,Yes,Unknown,1.25,485,2,Y,Swing: directed,0.005357143,Sex,1.04,Manual,1
BudongoBF 2013-11-04 Clip 11 09;55;54 NK KL solicit ZL interrupt,644,Nick,25+,A,1473,Kalema,25+,A,Yes,Unknown,1.25,486,2,Y,Leaf clipping,0.0625,Sex,3.6,Manual,1
BudongoBF 2013-11-04 Clip 11 09;55;54 NK KL solicit ZL interrupt,644,Nick,25+,A,1473,Kalema,25+,A,Yes,Unknown,1.25,486,2,Y,Stomp object/ground,0.042857143,Sex,0.28,Manual,1
BudongoBF 2013-11-04 Clip 11 09;55;54 NK KL solicit ZL interrupt,644,Nick,25+,A,1473,Kalema,25+,A,Yes,Unknown,1.25,489,2,Y,Leaf clipping,0.0625,Sex,1.6,Manual,1
BudongoBF 2013-11-04 Clip 11 09;55;54 NK KL solicit ZL interrupt,644,Nick,25+,A,1473,Kalema,25+,A,Yes,Unknown,1.25,489,2,Y,Stomp object/ground,0.042857143,Sex,0.24,Manual,1
BudongoBF 2013-11-04 Clip 17 10;25;43 MS KL copulate KC interfere (ZL),650,Musa,21,A,1319,Kalema,25+,A,Yes,Unknown,1.25,491,1,N,Stomp object/ground,0.042857143,Sex,0.68,Manual,1
BudongoBF 2013-11-04 Clip 17 10;25;43 MS KL copulate KC interfere (ZL),650,Musa,21,A,1319,Kalema,25+,A,Yes,Unknown,1.25,492,1,N,Stomp object/ground,0.042857143,Sex,0.68,Manual,1
BudongoBF 2013-11-04 Clip 17 10;25;43 MS KL copulate KC interfere (ZL),650,Musa,21,A,1319,Kalema,25+,A,Yes,Unknown,1.25,493,2,Y,Rocking: sitting,0.025,Sex,0.64,Body,2
BudongoBF 2013-11-04 Clip 17 10;25;43 MS KL copulate KC interfere (ZL),650,Musa,21,A,1319,Kalema,25+,A,Yes,Unknown,1.25,493,2,Y,Stomp object/ground,0.042857143,Sex,0.68,Manual,1
BudongoBF 2013-11-07 Clip 3 08;36;19 KL KT copulate KC (ZG ZD),703,Kato,20,A,1092,Kalema,25+,A,Yes,Unknown,1.25,494,1,N,Big Loud Scratch,0.023214286,Sex,8.4,Manual,1
BudongoBF 2013-11-07 Clip 3 08;36;19 KL KT copulate KC (ZG ZD),703,Kato,20,A,1092,Kalema,25+,A,Yes,Unknown,1.25,495,2,Y,Present: genitals forwards,0.046428571,Sex,1.36,Body,2
BudongoBF 2013-11-07 Clip 3 08;36;19 KL KT copulate KC (ZG ZD),703,Kato,20,A,1092,Kalema,25+,A,Yes,Unknown,1.25,495,2,Y,Raise arm,0.016071429,Sex,1.12,Manual,1
BudongoBF 2013-11-26 Clip 31 12;29;01 KT KA copulate (KS ZD HT KU vis),704,Kato,20,A,1092,Katia,14,SA,No,Unknown,1.25,496,1,N,Object shake,0.473214286,Sex,2.2,Manual,1
BudongoBF 2013-12-09 Clip 2 10;48;25 KT OK solicit,96,Kato,20,A,1092,Oakland,17,A,Yes,Unknown,1.333333333,499,1,N,Object shake,0.473214286,Sex,1.12,Manual,1
BudongoBF 2013-12-09 Clip 3 10;49;26 KT OK solicit,706,Kato,20,A,1092,Oakland,17,A,Yes,Unknown,1.333333333,500,2,Y,Big Loud Scratch,0.023214286,AAA,1.4,Manual,1
BudongoBF 2013-12-09 Clip 3 10;49;26 KT OK solicit,706,Kato,20,A,1092,Oakland,17,A,Yes,Unknown,1.333333333,500,2,Y,Object shake,0.473214286,AAA,2,Manual,1
BudongoBF 2013-12-31 Clip 33 10;13;07 SQ KY copulate (NB NK KT ZL ZD FD FK HW),719,Squibs,22,A,780,Kewaya,25+,A,Yes,Unknown,1.333333333,502,1,N,Object shake,0.473214286,Sex,2.2,Manual,1
BudongoBF 2014-01-04 Clip 10 12;34;09 SM UP fail solicit,828,Simon,21,A,941,Upesi,15,A,No,Unknown,1.416666667,504,1,N,Leaf clipping,0.0625,AAA,2.36,Manual,1
BudongoBF 2014-01-05 Clip 38 11;06;29 KT KY solicit penis flick,106,Kato,20,A,1092,Kewaya,25+,A,Yes,Unknown,1.416666667,506,1,N,Object shake,0.473214286,Sex,3.28,Manual,1
BudongoBF 2014-01-05 Clip 15 08;48;19 PS IR copulate (SM UP HW),168,Pascal,16,A,696,Irene,15,A,No,Unknown,1.416666667,512,1,N,Hit object/ground,0.082142857,Sex,0.48,Manual,1
BudongoBF 2014-01-05 Clip 15 08;48;19 PS IR copulate (SM UP HW),168,Pascal,16,A,696,Irene,15,A,No,Unknown,1.416666667,513,1,N,Present: genitals forwards,0.046428571,Sex,1.12,Body,2
BudongoBF 2014-01-05 Clip 38 11;06;29 KT KY solicit penis flick,172,Kato,20,A,1092,Kewaya,25+,A,Yes,Unknown,1.416666667,519,2,Y,Object shake,0.473214286,Sex,0.64,Manual,1
BudongoBF 2014-01-05 Clip 39 11;07;19 KT KY solicit,172,Kato,20,A,1092,Kewaya,25+,A,Yes,Unknown,1.416666667,520,1,N,Big Loud Scratch,0.023214286,Sex,4.88,Manual,1
BudongoBF 2014-01-05 Clip 39 11;07;19 KT KY solicit,172,Kato,20,A,1092,Kewaya,25+,A,Yes,Unknown,1.416666667,521,1,N,Object shake,0.473214286,Sex,1.04,Manual,1
BudongoBF 2014-01-05 Clip 39 11;07;19 KT KY solicit,172,Kato,20,A,1092,Kewaya,25+,A,Yes,Unknown,1.416666667,522,1,N,Object shake,0.473214286,Sex,0.92,Manual,1
BudongoBF 2014-01-05 Clip 39 11;07;19 KT KY solicit,172,Kato,20,A,1092,Kewaya,25+,A,Yes,Unknown,1.416666667,523,3,Y,Hit object/ground,0.082142857,Sex,0.56,Manual,1
BudongoBF 2014-01-05 Clip 39 11;07;19 KT KY solicit,172,Kato,20,A,1092,Kewaya,25+,A,Yes,Unknown,1.416666667,523,3,Y,Hit object/ground,0.082142857,Sex,0.64,Manual,1
BudongoBF 2014-01-05 Clip 39 11;07;19 KT KY solicit,172,Kato,20,A,1092,Kewaya,25+,A,Yes,Unknown,1.416666667,523,3,Y,Raise arm,0.016071429,Sex,0.72,Manual,1
BudongoBF 2014-01-05 Clip 47 12;42;42 FK KY copulate,173,Frank,15,SA,899,Kewaya,25+,A,Yes,Unknown,1.416666667,524,2,Y,Object shake,0.473214286,Sex,2.92,Manual,1
BudongoBF 2014-01-05 Clip 47 12;42;42 FK KY copulate,173,Frank,15,SA,899,Kewaya,25+,A,Yes,Unknown,1.416666667,525,1,N,Present: genitals forwards,0.046428571,Sex,1.68,Body,2
BudongoBF 2014-01-14 Clip 18 12;08;21 FD RH copulate (SM WL vis),809,Fred,20,A,844,Ruhara,25+,A,Yes,Unknown,1.416666667,527,2,Y,Present: genitals forwards,0.046428571,Sex,1.04,Body,2
BudongoBF 2014-01-14 Clip 18 12;08;21 FD RH copulate (SM WL vis),809,Fred,20,A,844,Ruhara,25+,A,Yes,Unknown,1.416666667,527,2,Y,Raise arm,0.016071429,Sex,1.04,Manual,1
BudongoBF 2014-01-14 Clip 18 12;08;21 FD RH copulate (SM WL vis),809,Fred,20,A,844,Ruhara,25+,A,Yes,Unknown,1.416666667,528,2,Y,Object shake,0.473214286,Sex,3.56,Manual,1
BudongoBF 2014-01-14 Clip 18 12;08;21 FD RH copulate (SM WL vis),809,Fred,20,A,844,Ruhara,25+,A,Yes,Unknown,1.416666667,528,2,Y,Rocking: sitting,0.025,Sex,1.4,Body,2
BudongoBF 2014-01-14 Clip 20 12;10;15 ZD RH copulate (FD),811,Zed,12,SA,812,Ruhara,25+,A,Yes,Unknown,1.416666667,529,1,N,Leaf clipping,0.0625,Sex,6.44,Manual,1
BudongoBF 2014-01-14 Clip 20 12;10;15 ZD RH copulate (FD),811,Zed,12,SA,812,Ruhara,25+,A,Yes,unknown,1.416666667,530,1,N,Present: genitals forwards,0.046428571,Sex,0.56,Body,2
BudongoBF 2014-01-15 Clip 1 08;07;03 ZG RH copulate (FL KY RS AN WL KW),798,Zig,16,A,832,Ruhara,25+,A,Yes,Unknown,1.416666667,531,2,Y,Present: genitals forwards,0.046428571,Sex,1.28,Body,2
BudongoBF 2014-01-15 Clip 1 08;07;03 ZG RH copulate (FL KY RS AN WL KW),798,Zig,16,A,832,Ruhara,25+,A,Yes,Unknown,1.416666667,531,2,Y,Raise arm,0.016071429,Sex,0.32,Manual,1
BudongoBF 2014-01-22 Clip 20 10;42;01 KT OK copulate (HT KS JN KU NT FK),724,Kato,20,A,1092,Oakland,18,A,Yes,Yes,1.416666667,532,2,Y,Present: genitals forwards,0.046428571,Sex,0.96,Body,2
"BudongoBF 2014-01-22 Clip 4 08;37;13 FK OK copulate (JM interfere, IR vis)",785,Frank,15,SA,899,Oakland,18,A,Yes,Yes,1.416666667,535,2,Y,Object shake,0.473214286,Sex,1.52,Manual,1
"BudongoBF 2014-01-22 Clip 4 08;37;13 FK OK copulate (JM interfere, IR vis)",785,Frank,15,SA,899,Oakland,18,A,Yes,Yes,1.416666667,535,2,Y,Rocking: sitting,0.025,Sex,1.6,Body,2
"BudongoBF 2014-01-22 Clip 4 08;37;13 FK OK copulate (JM interfere, IR vis)",785,Frank,15,SA,899,Oakland,18,A,Yes,Yes,1.416666667,536,2,Y,Raise arm,0.016071429,Sex,0.68,Manual,1
"BudongoBF 2014-01-22 Clip 4 08;37;13 FK OK copulate (JM interfere, IR vis)",785,Frank,15,SA,899,Oakland,18,A,Yes,Yes,1.416666667,536,2,Y,Rocking: sitting,0.025,Sex,2.48,Body,2
"BudongoBF 2014-01-22 Clip 4 08;37;13 FK OK copulate (JM interfere, IR vis)",785,Frank,15,SA,899,Oakland,18,A,Yes,Yes,1.416666667,537,1,N,Big Loud Scratch,0.023214286,Sex,2.56,Manual,1
"BudongoBF 2014-01-22 Clip 4 08;37;13 FK OK copulate (JM interfere, IR vis)",785,Frank,15,SA,899,Oakland,18,A,Yes,Yes,1.416666667,538,2,Y,Reach: wrist,0.003571429,Sex,0.96,Manual,1
"BudongoBF 2014-01-22 Clip 4 08;37;13 FK OK copulate (JM interfere, IR vis)",785,Frank,15,SA,899,Oakland,18,A,Yes,Yes,1.416666667,538,2,Y,Rocking: sitting,0.025,Sex,2.04,Body,2
"BudongoBF 2014-01-22 Clip 4 08;37;13 FK OK copulate (JM interfere, IR vis)",785,Frank,15,SA,899,Oakland,18,A,Yes,Yes,1.416666667,539,1,N,Present: genitals forwards,0.046428571,Sex,0.96,Body,2
BudongoBF 2014-01-22 Clip 7 09;08;01 OK KS copulate (JN JM),787,Kasigwa,10,SA,NA,Oakland,18,A,Yes,Yes,1.416666667,540,1,N,Raise arm,0.016071429,Sex,0.44,Manual,1
BudongoBF 2014-01-23 Clip 6 10;07;46 FD OK copulate (JM JN KR HW KZ vis),767,Fred,20,A,844,Oakland,18,A,Yes,Yes,1.416666667,548,2,Y,Locomote: bipedal,0.001785714,Sex,2.12,Body,2
BudongoBF 2014-01-23 Clip 6 10;07;46 FD OK copulate (JM JN KR HW KZ vis),767,Fred,20,A,844,Oakland,18,A,Yes,Yes,1.416666667,548,2,Y,Object shake,0.473214286,Sex,1.36,Manual,1
BudongoBF 2014-01-23 Clip 6 10;07;46 FD OK copulate (JM JN KR HW KZ vis),767,Fred,20,A,844,Oakland,18,A,Yes,Yes,1.416666667,549,1,N,Object shake,0.473214286,Sex,1.36,Manual,1
BudongoBF 2014-01-23 Clip 6 10;07;46 FD OK copulate (JM JN KR HW KZ vis),767,Fred,20,A,844,Oakland,18,A,Yes,Yes,1.416666667,550,2,Y,Present: genitals forwards,0.046428571,Sex,0.4,Body,2
BudongoBF 2014-01-23 Clip 6 10;07;46 FD OK copulate (JM JN KR HW KZ vis),767,Fred,20,A,844,Oakland,18,A,Yes,Yes,1.416666667,550,2,Y,Swing,0.039285714,Sex,1.2,Manual,1
BudongoBF 2014-01-23 Clip 6 10;07;46 FD OK copulate (JM JN KR HW KZ vis),767,Fred,20,A,844,Oakland,18,A,Yes,Yes,1.416666667,551,2,Y,Present: genitals forwards,0.046428571,Sex,0.48,Body,2
BudongoBF 2014-01-23 Clip 6 10;07;46 FD OK copulate (JM JN KR HW KZ vis),767,Fred,20,A,844,Oakland,18,A,Yes,Yes,1.416666667,551,2,Y,Rocking: sitting,0.025,Sex,4.8,Body,2
"BudongoBF 2014-01-23 Clip 20 13;59;46 KS OK copulate, KJ KA inspect",778,Kasigwa,10,SA,NA,Oakland,18,A,Yes,Yes,1.416666667,552,2,Y,Hit object/ground,0.082142857,Sex,0.24,Manual,1
"BudongoBF 2014-01-23 Clip 20 13;59;46 KS OK copulate, KJ KA inspect",778,Kasigwa,10,SA,NA,Oakland,18,A,Yes,Yes,1.416666667,552,2,Y,Hit object/ground,0.082142857,Sex,0.36,Manual,1
"BudongoBF 2014-01-23 Clip 20 13;59;46 KS OK copulate, KJ KA inspect",778,Kasigwa,10,SA,NA,Oakland,18,A,Yes,Yes,1.416666667,553,3,Y,Hit object/ground,0.082142857,Sex,0.32,Manual,1
"BudongoBF 2014-01-23 Clip 20 13;59;46 KS OK copulate, KJ KA inspect",778,Kasigwa,10,SA,NA,Oakland,18,A,Yes,Yes,1.416666667,553,3,Y,Hit object/ground,0.082142857,Sex,0.28,Manual,1
"BudongoBF 2014-01-23 Clip 20 13;59;46 KS OK copulate, KJ KA inspect",778,Kasigwa,10,SA,NA,Oakland,18,A,Yes,Yes,1.416666667,553,3,Y,Object shake,0.473214286,Sex,0.48,Manual,1
"BudongoBF 2014-01-23 Clip 20 13;59;46 KS OK copulate, KJ KA inspect",778,Kasigwa,10,SA,NA,Oakland,18,A,Yes,Yes,1.416666667,554,3,Y,Present: genitals forwards,0.046428571,Sex,0.92,Body,2
"BudongoBF 2014-01-23 Clip 20 13;59;46 KS OK copulate, KJ KA inspect",778,Kasigwa,10,SA,NA,Oakland,18,A,Yes,Yes,1.416666667,554,3,Y,Raise arm,0.016071429,Sex,0.72,Manual,1
"BudongoBF 2014-01-23 Clip 20 13;59;46 KS OK copulate, KJ KA inspect",778,Kasigwa,10,SA,NA,Oakland,18,A,Yes,Yes,1.416666667,554,3,Y,Rocking: sitting,0.025,Sex,0.76,Body,2
BudongoBF 2014-01-23 Clip 24 14;14;44 KS OK copulate (NT),782,Kasigwa,10,SA,NA,Oakland,18,A,Yes,Yes,1.416666667,556,2,Y,Hit object/ground,0.082142857,Sex,0.6,Manual,1
BudongoBF 2014-02-01 Clip 1 08;05;14 KY PS copulate (JT TJ vis),741,Pascal,16,A,696,Kewaya,25+,A,Yes,Unknown,1.416666667,557,1,N,Present: genitals forwards,0.046428571,Sex,1.84,Body,2
"BudongoBF 2014-02-01 Clip 4 08;14;59 KS KA copulate (KY vis, NK TJ JT ML aud)",744,Kasigwa,10,SA,NA,Katia,15,A,No,Unknown,1.416666667,558,2,Y,Leaf clipping,0.0625,Sex,3.84,Manual,1
"BudongoBF 2014-02-01 Clip 4 08;14;59 KS KA copulate (KY vis, NK TJ JT ML aud)",744,Kasigwa,10,SA,NA,Katia,15,A,No,Unknown,1.416666667,558,2,Y,Stomp object/ground,0.042857143,Sex,0.52,Manual,1
"BudongoBF 2014-02-01 Clip 5 08;16;03 FK aggress KA KY, copulate KY, female competition ",745,Frank,15,SA,899,Kewaya,25+,A,Yes,Unknown,1.416666667,561,3,Y,Present: genitals forwards,0.046428571,Sex,0.92,Body,2
"BudongoBF 2014-02-01 Clip 5 08;16;03 FK aggress KA KY, copulate KY, female competition ",745,Frank,15,SA,899,Kewaya,25+,A,Yes,Unknown,1.416666667,561,3,Y,Rocking: sitting,0.025,Sex,1.6,Body,2
"BudongoBF 2014-02-01 Clip 5 08;16;03 FK aggress KA KY, copulate KY, female competition ",745,Frank,15,SA,899,Kewaya,25+,A,Yes,Unknown,1.416666667,561,3,Y,Swing: directed,0.005357143,Sex,0.64,Manual,1
"BudongoBF 2014-02-01 Clip 5 08;16;03 FK aggress KA KY, copulate KY, female competition ",745,Frank,15,SA,899,Kewaya,25+,A,Yes,Unknown,1.416666667,564,1,N,Object shake,0.473214286,Sex,1.44,Manual,1
11.115,1055,Duane,25+,A,1120,Lola,20,A,No,Unknown,1.222222222,562,1,N,Object shake,0.473214286,Consortship,1.56,Manual,1
"BudongoBF 2014-02-01 Clip 5 08;16;03 FK aggress KA KY, copulate KY, female competition ",745,Frank,15,SA,899,Kewaya,25+,A,Yes,Unknown,1.416666667,563,1,N,Object shake,0.473214286,Sex,0.8,Manual,1
BudongoBF 2014-02-01 Clip 15 10;15;54 NK RS inspect,755,Nick,25+,A,1473,Rose,16,A,Yes,Unknown,1.416666667,565,1,N,Stomp object/ground,0.042857143,AAA,0.36,Manual,1
BudongoBF 2014-02-01 Clip 15 10;15;54 NK RS inspect,755,Nick,25+,A,1473,Rose,16,A,Yes,Unknown,1.416666667,566,1,N,Beckon,0.001785714,AAA,0.64,Manual,1